programa,nome,bairro,categoria
Duo Gourmet,4X Farms,Perdizes,CARNES
Duo Gourmet,A Confeitaria by Ricardo Daudt,Moema,CONFEITARIA
Duo Gourmet,A Fornada (Jardins),Jardim Paulista,PADARIA ARTESANAL
Duo Gourmet,AMA.ZO Peruano (Higienópolis),Higienópolis,PERUANA
Duo Gourmet,Accanto Restaurante,Chácara Santo Antônio,CONTEMPORÂNEA
Duo Gourmet,Al Mazen,Pinheiros,ÁRABE
Duo Gourmet,Al Wadih,Parque da Mooca,ÁRABE
Duo Gourmet,Albero dei Gelati (Itaim Bibi),Itaim Bibi,GELATERIA
Duo Gourmet,Albero dei Gelati (Jardins),Jardim Paulista,GELATERIA
Duo Gourmet,Albero dei Gelati (Pinheiros),Pinheiros,GELATERIA
Duo Gourmet,Alibabar,Santana,ÁRABE
Duo Gourmet,Altar Cozinha Ancestral,Jardim das Bandeiras,BRASILEIRA
Duo Gourmet,Amarama,Vila Romana,VEGANA
Duo Gourmet,Amargot Bar,Itaim Bibi,BAR
Duo Gourmet,Ambrósio Cozinha Afetiva,Campo Belo,VEGETARIANA
Duo Gourmet,America (Alameda Santos),Jardim Paulista,VARIADA
Duo Gourmet,America (Alphaville),Alphaville Industrial,VARIADA
Duo Gourmet,America (Av. Paulista),Bela Vista,VARIADA
Duo Gourmet,America (Moema),Moema,VARIADA
Duo Gourmet,America (Shopping Anália Franco),Tatuapé,VARIADA
Duo Gourmet,America (Shopping Bourbon),VARIADA,VARIADA
Duo Gourmet,America (Shopping Eldorado),Jardim Paulistano,VARIADA
Duo Gourmet,America (Shopping Higienópolis),Higienópolis,VARIADA
Duo Gourmet,America (Shopping Jardim Sul),Morumbi,VARIADA
Duo Gourmet,America (Shopping Mooca),Mooca,VARIADA
Duo Gourmet,America (Shopping Villa Lobos),Pinheiros,VARIADA
Duo Gourmet,American Cookies (Miramar),Gonzaga,DOCES
Duo Gourmet,American Cookies (Praiamar),Aparecida,DOCES
Duo Gourmet,Amollis Gelato,Vila Clementino,GELATERIA
Duo Gourmet,Antesala Café,Cidade Monções,CAFETERIA
Duo Gourmet,Antica Salumeria,Jardim Paulista,SANDUÍCHE
Duo Gourmet,Antonietta Cucina,Pinheiros,ITALIANA
Duo Gourmet,Applebee's,Parque Campolim,AMERICANA
Duo Gourmet,Applebee's,Rio Abaixo,AMERICANA
Duo Gourmet,Applebee's,Cidade Satélite,AMERICANA
Duo Gourmet,Applebee's (Catarina Fashion Outlet),ÁRABE,AMERICANA
Duo Gourmet,Arabiano Restaurante,Alto da Mooca,ÁRABE
Duo Gourmet,Ardo - Brasa Y Fuego,Itaim Bibi,CARNES
Duo Gourmet,Aromas Café & Cake,Pompeia,VENEZUELANA
Duo Gourmet,Artesanos Burger,Jardim America,HAMBURGUERIA
Duo Gourmet,Atelier Mariza Doces,Pinheiros,DOCES
Duo Gourmet,Avancini Gelato e Café,Perdizes,GELATERIA
Duo Gourmet,Ayumi Sushi Prime,Jardim Analia Franco,JAPONESA
Duo Gourmet,BEC Bar,Pinheiros,CONTEMPORÂNEA
Duo Gourmet,Bacio di Napoli,Chácara Santo Antônio (Zona Sul),ITALIANA
Duo Gourmet,Badaioka,Jardim Ana Maria,HAMBURGUERIA
Duo Gourmet,Baggio Pizzaria,Indianópolis,PIZZARIA
Duo Gourmet,Bake Sale,Jardins,BRUNCH
Duo Gourmet,Bakebun (Tatuapé),Vila Gomes Cardim,CAFETERIA
Duo Gourmet,Balaio,Bela Vista,BRASILEIRA
Duo Gourmet,Balcón (Vila Mariana),Vila Mariana,URUGUAIA
Duo Gourmet,Bali Gastrobar,Tatuapé,GASTROBAR
Duo Gourmet,Banqueta Bar (Vila Madalena),Vila Madalena,BAR
Duo Gourmet,Bao Hut,Mirandópolis,ASIÁTICA
Duo Gourmet,Bar Astor (Oscar Freire),Jardim Paulista,CONTEMPORÂNEA
Duo Gourmet,Bar Astor (Paulista),Bela Vista,CONTEMPORÂNEA
Duo Gourmet,Bar Astor (Shopping JK),Vila Olímpia,CONTEMPORÂNEA
Duo Gourmet,Bar Astor (Vila Madalena),Vila Madalena,CONTEMPORÂNEA
Duo Gourmet,Bar Brahma,Centro Histórico de São Paulo,COMIDA DE BOTECO
Duo Gourmet,Bar Léo,Santa Ifigênia,ALEMÃ
Duo Gourmet,Bar Mooca,Belenzinho,BRASILEIRA
Duo Gourmet,Bar Posto 6,Vila Madalena,BAR
Duo Gourmet,Bar do Alemão,Vila Andrade,BRASILEIRA
Duo Gourmet,Bar do Alemão (Santana),Lauzane Paulista,BRASILEIRA
Duo Gourmet,Bar do Alemão (Shopping Metrô Tatuapé),Cidade Mãe do Céu,BRASILEIRA
Duo Gourmet,Bar do Alemão (Vila Olímpia),Vila Olímpia,ALEMÃ
Duo Gourmet,Bar do Gege,Santana,BRASILEIRA
Duo Gourmet,Bar do Nerso,Moema,PARRILLA
Duo Gourmet,Bar do Nico,Ipiranga,BAR
Duo Gourmet,Bar dos Cravos,Paraíso,CONTEMPORÂNEA
Duo Gourmet,Barak Culinária Árabe,Moema,ÁRABE
Duo Gourmet,Barcelos - Flame Grilled Chicken (Vila Mariana),Vila Mariana,PARRILLA
Duo Gourmet,Barletta Ristorante,Cerqueira César,ITALIANA
Duo Gourmet,Barsotti Confeitaria,Parque Colonial,CONFEITARIA
Duo Gourmet,Base BBQ By Novotel,Vila das Acacias,CONTEMPORÂNEA
Duo Gourmet,Base Steakhouse,Base Aérea Guarulhos,CARNES
Duo Gourmet,Bawarchi,Vila Mariana,INDIANA
Duo Gourmet,Behap Café,Jardim Zaira,CAFETERIA
Duo Gourmet,Bejí Sushi Veg,Vila Madalena,ASIÁTICA
Duo Gourmet,Bekaa,Vila Andrade,ÁRABE
Duo Gourmet,Belari Gelato,Centro,GELATERIA
Duo Gourmet,Belari Gelato (Cajamar),Ipês (Polvilho),GELATERIA
Duo Gourmet,Belari Gelato (Cantareira),Jardim Pirituba,GELATERIA
Duo Gourmet,Belari Gelato (Vila Mariana),Vila Mariana,GELATERIA
Duo Gourmet,Belle Époque,Pinheiros,GASTROBAR
Duo Gourmet,Belô Café e Restaurante,Jardins,CONTEMPORÂNEA
Duo Gourmet,Bendito Burger,BRASILEIRA,HAMBURGUERIA
Duo Gourmet,Benj Fries,Pompeia,AMERICANA
Duo Gourmet,Berlin Restaurante,Campo Belo,BRASILEIRA
Duo Gourmet,Berry's Iced Food,Jardim Emilia,SORVETERIA
Duo Gourmet,Berta's Restaurante,Itaim Bibi,BRUNCH
Duo Gourmet,Beyti Restaurante,Vila Nova Conceição,ÁRABE
Duo Gourmet,BiFrost Burguer,República,HAMBURGUERIA
Duo Gourmet,Binno Gelato,Vila Nova Conceição,GELATERIA
Duo Gourmet,Binno Gelato (Santa Cecília),Santa Cecília,GELATERIA
Duo Gourmet,Bistrot de Ville,Vila Mariana,FRANCESA
Duo Gourmet,Bistrô Faria Lima,Vila Nova Conceição,CONTEMPORÂNEA
Duo Gourmet,Blaus (Santo Amaro),Santo Amaro,GELATERIA
Duo Gourmet,Blues Beer,Campo Belo,HAMBURGUERIA
Duo Gourmet,Boali (D&D Shopping),Brooklin,SAUDÁVEL
Duo Gourmet,Boali (Parque Open Mall),Jardim das Acacias,SAUDÁVEL
Duo Gourmet,Boali (Tatuapé),Cidade Mãe do Céu,SAUDÁVEL
Duo Gourmet,Boali (Topcenter),Bela Vista,SAUDÁVEL
Duo Gourmet,Boali (Vila Gertrudes),Vila Gertrudes,SAUDÁVEL
Duo Gourmet,Bodogami,Liberdade,JAPONESA
Duo Gourmet,Bolinha Restaurante,Itaim Bibi,BRASILEIRA
Duo Gourmet,Bom Bowls (Moema),Indianópolis,SAUDÁVEL
Duo Gourmet,Bona Parma,Centro,ITALIANA
Duo Gourmet,BorgoDéli,Vila Buarque,ITALIANA
Duo Gourmet,Bossa Café & Bistrô,Boqueirão,CAFETERIA
Duo Gourmet,Box St. Burger Bar,Vila Mariana,HAMBURGUERIA
Duo Gourmet,Braca Bar (Itaim Bibi),Itaim Bibi,BRASILEIRA
Duo Gourmet,Braca Bar (Santana),Santana,BRASILEIRA
Duo Gourmet,Brasa Charrúa,Pinheiros,PARRILLA
Duo Gourmet,Brascatta (Alto da Lapa),Alto da Lapa,PIZZARIA
Duo Gourmet,Brascatta (Vila Leopoldina),Vila Leopoldina,PIZZARIA
Duo Gourmet,Brasiliani Cantina,Vila Romana,ITALIANA
Duo Gourmet,Bravo Gelato,Vila Romana,GELATERIA
Duo Gourmet,Brazucas Wines & CO,Vila Mascote,WINE BAR
Duo Gourmet,Brazza Café,Vila Mariana,CAFETERIA
Duo Gourmet,Brodo Ristoranti,Itaim Bibi,ITALIANA
Duo Gourmet,Brownie Affair,Campo Belo,CONFEITARIA
Duo Gourmet,Bráz Elettrica (Augusta),Consolação,PIZZARIA
Duo Gourmet,Bráz Elettrica (Pinheiros),Pinheiros,PIZZARIA
Duo Gourmet,Bráz Pizzaria (Alto de Pinheiros),Alto de Pinheiros,PIZZARIA
Duo Gourmet,Bráz Pizzaria (Higienópolis),Higienópolis,PIZZARIA
Duo Gourmet,Bráz Pizzaria (Jardim Paulista),Jardim Paulista,PIZZARIA
Duo Gourmet,Bráz Pizzaria (Moema),Moema,PIZZARIA
Duo Gourmet,Bráz Pizzaria (Perdizes),Perdizes,PIZZARIA
Duo Gourmet,Bráz Pizzaria (Pinheiros),Pinheiros,PIZZARIA
Duo Gourmet,Bráz Pizzaria (Tatuapé),Tatuapé,PIZZARIA
Duo Gourmet,Bráz Quintal (Paraíso),Paraíso,PIZZARIA
Duo Gourmet,Bráz Quintal (Vila Clementino),Vila Clementino,PIZZARIA
Duo Gourmet,Bráz Trattoria (Pinheiros),Pinheiros,ITALIANA
Duo Gourmet,Bráz Trattoria (Tamboré),Tamboré,ITALIANA
Duo Gourmet,Bubbeleh Restaurante,Pinheiros,LIBANESA
Duo Gourmet,Bullguer (Berrini),Cidade Monções,HAMBURGUERIA
Duo Gourmet,Bullguer (Cerro Corá),Vila Romana,HAMBURGUERIA
Duo Gourmet,Bullguer (Eldorado),Pinheiros,HAMBURGUERIA
Duo Gourmet,Bullguer (Granja Viana),Granja Viana,HAMBURGUERIA
Duo Gourmet,Bullguer (Jardins),Jardim Paulista,HAMBURGUERIA
Duo Gourmet,Bullguer (Jundiaí),Anhangabaú,HAMBURGUERIA
Duo Gourmet,Bullguer (Light),Centro,HAMBURGUERIA
Duo Gourmet,Bullguer (Mooca),Vila Prudente,HAMBURGUERIA
Duo Gourmet,Bullguer (Morumbi),Vila Suzana,HAMBURGUERIA
Duo Gourmet,Bullguer (Osasco),Vila Yara,HAMBURGUERIA
Duo Gourmet,Bullguer (Paraíso),Paraíso,HAMBURGUERIA
Duo Gourmet,Bullguer (Perdizes),Perdizes,HAMBURGUERIA
Duo Gourmet,Bullguer (República),República,HAMBURGUERIA
Duo Gourmet,Bullguer (Santana),Santana,HAMBURGUERIA
Duo Gourmet,Bullguer (Shopping Jardim Sul),Vila Andrade,HAMBURGUERIA
Duo Gourmet,Bullguer (Tamboré),Tamboré,HAMBURGUERIA
Duo Gourmet,Bullguer (Vila Madalena),Vila Madalena,HAMBURGUERIA
Duo Gourmet,Bullguer (Vila Mariana),Vila Mariana,HAMBURGUERIA
Duo Gourmet,Bullguer (Vila Nova),Vila Nova Conceição,HAMBURGUERIA
Duo Gourmet,Bullguer (Vila Olímpia),Vila Olímpia,HAMBURGUERIA
Duo Gourmet,Burg.,Pinheiros,HAMBURGUERIA
Duo Gourmet,Burger Makers,Jardim São Jorge,HAMBURGUERIA
Duo Gourmet,Burguinho (Saúde),Vila Moraes,HAMBURGUERIA
Duo Gourmet,Burguinho (Vila Cruzeiro),Vila Cruzeiro,HAMBURGUERIA
Duo Gourmet,Bánh Mì Vietnam,Bela Vista,VIETNAMITA
Duo Gourmet,Ca com Fé Padaria Artesanal,Vila Romana,PADARIA ARTESANAL
Duo Gourmet,Café D’Nonna,Parque da Mooca,CAFETERIA
Duo Gourmet,Café com Quintal,Vila Mariana,CAFETERIA
Duo Gourmet,CakeBox (Brooklin),Brooklin,DOCES
Duo Gourmet,CakeBox (Santana),Santana,DOCES
Duo Gourmet,CakeBox (Vila Leopoldina),Vila Leopoldina,DOCES
Duo Gourmet,CakeBox (Vila Mariana),Vila Mariana,DOCES
Duo Gourmet,Califa Fresh Food,Brooklin,SAUDÁVEL
Duo Gourmet,California Superfood (Pinheiros),Jardim Paulistano,SAUDÁVEL
Duo Gourmet,California Superfood (Vila Mariana),Vila Mariana,SAUDÁVEL
Duo Gourmet,Calçadão do Peixe,Vila Congonhas,BRASILEIRA
Duo Gourmet,Cana,Vila Buarque,BRASILEIRA
Duo Gourmet,Cantina 1020,Cambuci,ITALIANA
Duo Gourmet,Cantina 14 de Julho,Bela Vista,ITALIANA
Duo Gourmet,Cantina Veneta,Chácara Santo Antônio,ITALIANA
Duo Gourmet,Cantinho Bar,Santa Cecília,REGIONAL
Duo Gourmet,Cantón (Moema),Moema,PERUANA
Duo Gourmet,Cantón (Pompéia),Pompéia,CHIFA
Duo Gourmet,Capital da Pizza (Mooca),Belenzinho,PIZZARIA
Duo Gourmet,Caraíva Bar,Vila Nova Conceição,BRASILEIRA
Duo Gourmet,Carbone Osteria,Roseira,ITALIANA
Duo Gourmet,Cardoso Gelato,Vila Cordeiro,GELATERIA
Duo Gourmet,Cariri Cocktail,Vila Mariana,PETISCOS
Duo Gourmet,Carlão Restaurante e Grill,Vila Bertioga,BRASILEIRA
Duo Gourmet,Carmen La Loca,Santo Amaro,ESPANHOLA
Duo Gourmet,Carne Restaurante,Granja Viana,CARNES
Duo Gourmet,Carnes Panamby,Vila Andrade,CARNES
Duo Gourmet,Casa Borghesan,Vila Pontes,PIZZARIA
Duo Gourmet,Casa Capim Santo (Instituto Tomie Ohtake),Pinheiros,BRASILEIRA
Duo Gourmet,Casa Hario,Itaim Bibi,CAFETERIA
Duo Gourmet,Casa Mazé,Vila Progredior,SAUDÁVEL
Duo Gourmet,Casa Santo Antônio,Granja Julieta,ITALIANA
Duo Gourmet,Casa Vitis (Santo Amaro),Alto da Boa Vista,WINE BAR
Duo Gourmet,Celestino Gastrobar,Vila Taquari,GASTROBAR
Duo Gourmet,Chalezinho (Morumbi),Morumbi,EUROPEIA
Duo Gourmet,Che Bárbaro,Sumarezinho,ARGENTINA
Duo Gourmet,Chez Amis,Cerqueira César,CONTEMPORÂNEA
Duo Gourmet,Churraskin do Bê,Lapa,PARRILLA
Duo Gourmet,Chão e Brasa Picanharia e Choperia,Indianópolis,CHURRASCARIA
Duo Gourmet,Ciao! Vino e Birra,Paraíso,ITALIANA
Duo Gourmet,Coa Bar Y Parrilla,Indianópolis,HAMBURGUERIA
Duo Gourmet,Coffee Lounge,Vila Olímpia,CAFETERIA
Duo Gourmet,Coliseum Panini,Pinheiros,ITALIANA
Duo Gourmet,Consulado Mineiro,Cerqueira César,MINEIRA
Duo Gourmet,Cora,Vila Buarque,VARIADA
Duo Gourmet,Coringa Do Beco,Sumarezinho,HAMBURGUERIA
Duo Gourmet,Cornelius Burger (Bandeirantes),Vila Guarani,HAMBURGUERIA
Duo Gourmet,Cornelius Burger (Interlagos),Vila Isa,HAMBURGUERIA
Duo Gourmet,Corpfit (Itaim),Vila Nova Conceição,GELATERIA
Duo Gourmet,Corpfit (Jardins),Jardim Paulista,GELATERIA
Duo Gourmet,Corpfit (Tatuapé),Vila Gomes Cardim,GELATERIA
Duo Gourmet,Costa Nova,Pinheiros,PORTUGUESA
Duo Gourmet,Costazul Seafood,Campo Grande,PERUANA
Duo Gourmet,Costelaria Berlin Premium,Cambuci,CARNES
Duo Gourmet,Cris Parrilla Bar,Campo Belo,VARIADA
Duo Gourmet,Crispy Times NY Pizza,Vila Olímpia,PIZZARIA
Duo Gourmet,Cristal CasaMia,Pinheiros,ITALIANA
Duo Gourmet,Cristal Pizza Bar,Jardim Paulistano,PIZZARIA
Duo Gourmet,Croma Burgers (Itaquera),Itaquera,HAMBURGUERIA
Duo Gourmet,Cucina del Capo,Mangal,ITALIANA
Duo Gourmet,Cupim 1365,Vila Gabriel,BRASILEIRA
Duo Gourmet,Curry's Culinária Indiana (Brooklin),Brooklin,INDIANA
Duo Gourmet,Curry's Culinária Indiana (Liberdade),Liberdade,INDIANA
Duo Gourmet,Curry's Culinária Indiana (Pinheiros),Pinheiros,INDIANA
Duo Gourmet,Cuscuzlícia,Vila Clementino,NORDESTINA
Duo Gourmet,Câmara Fria,Vila Uberabinha,BRASILEIRA
Duo Gourmet,Cão Véio (Tatuapé),Vila Gomes Cardim,GASTROBAR
Duo Gourmet,Cór Gastronomia,Alto de Pinheiros,CARNES
Duo Gourmet,DaSelva (Centro),Centro Histórico de São Paulo,BRASILEIRA
Duo Gourmet,DaSelva (Vila Nova Conceição),Vila Nova Conceição,BRASILEIRA
Duo Gourmet,Dabok (Bom Retiro),Bom Retiro,COREANA
Duo Gourmet,Dabok (Liberdade),Liberdade,COREANA
Duo Gourmet,Daje Roma,Pinheiros,ITALIANA
Duo Gourmet,Dedo de la Chica,Vila Madalena,MEXICANA
Duo Gourmet,Dela dele Confeitaria,Vila Osasco,CONFEITARIA
Duo Gourmet,Dell'Arte Ristorante,Planalto Paulista,ITALIANA
Duo Gourmet,Dell'Arte Ristorante (Café da manhã),Planalto Paulista,ITALIANA
Duo Gourmet,Delluccio Pizzaria,Jardim Paulista,PIZZARIA
Duo Gourmet,Deveras Pizza,Jardim Paulista,PIZZARIA
Duo Gourmet,Di Montanaro,Mirandópolis,ITALIANA
Duo Gourmet,Di Paolo (São José dos Campos),Jardim Serimbura,GALETERIA
Duo Gourmet,Di Paolo Galeto (Lar Center),Vila Guilherme,GALETERIA
Duo Gourmet,Di Paolo Galeto (Market Place),Vila Cordeiro,GALETERIA
Duo Gourmet,Di Paolo Galeto (Pinheiros),Pinheiros,GALETERIA
Duo Gourmet,Di Paolo Galeto (Vila Olímpia),Vila Olímpia,GALETERIA
Duo Gourmet,Djapa,Moema,JAPONESA
Duo Gourmet,Dom Balilo Hamburgueria,Jardim Santa Rosália,HAMBURGUERIA
Duo Gourmet,Don Camillo Ristorante Italiano,Granja Viana,ITALIANA
Duo Gourmet,Dona Carmela,Santana,ITALIANA
Duo Gourmet,Dona Lucilia Gastronomia,Bela Vista,PORTUGUESA
Duo Gourmet,Dona Lucinha,Moema,MINEIRA
Duo Gourmet,Donna di Nico Trattoria,Ipiranga,ITALIANA
Duo Gourmet,Doryo Restaurante,Itaim Bibi,JAPONESA
Duo Gourmet,Drink Me,Vila Florinda,CONTEMPORÂNEA
Duo Gourmet,DuSá Gastrobar,Brás,GASTROBAR
Duo Gourmet,East Zone Tap Room,Consolação,CERVEJARIA
Duo Gourmet,El Carbón,Vila Nova Conceição,CONTEMPORÂNEA
Duo Gourmet,El Toro,Jardim Europa,BRASILEIRA
Duo Gourmet,El Toro,Jardim Europa,BRASILEIRA
Duo Gourmet,Empanadas La Cholita,Perdizes,BOLIVIANA
Duo Gourmet,Empório São João,Pinheiros,BRASILEIRA
Duo Gourmet,Empório do Churrasco Stekhouse (Vila Nova Mazzei),Vila Nova Mazzei,PARRILLA
Duo Gourmet,Enosteria Vino e Cucina (Oscar Freire),Cerqueira César,ITALIANA
Duo Gourmet,Enoteca Decanter São Paulo - Winebar,Jardim Paulista,WINE BAR
Duo Gourmet,Espetto Carioca (Alphaville),Alphaville Comercial,BRASILEIRA
Duo Gourmet,Espetto Carioca (Bela Vista),Bela Vista,BRASILEIRA
Duo Gourmet,Espetto Carioca (Chácara Santo Antônio),Chácara Santo Antônio,BRASILEIRA
Duo Gourmet,Espetto Carioca (Jardins),Consolação,BRASILEIRA
Duo Gourmet,Espetto Carioca (Villa Lobos),Alto de Pinheiros,BRASILEIRA
Duo Gourmet,Esquina do Souza (Pompéia),Pompéia,BRASILEIRA
Duo Gourmet,Esquina do Souza (Vila Leopoldina),Vila Leopoldina,BRASILEIRA
Duo Gourmet,Esquina do Souza (Vila Romana),Vila Romana,BRASILEIRA
Duo Gourmet,Esther Rooftop,República,FRANCESA
Duo Gourmet,Evino (Moema),Recanto Paraíso,ITALIANA
Duo Gourmet,Evino (Perdizes),Perdizes,ITALIANA
Duo Gourmet,Evo Focaccia,Itaim Bibi,ITALIANA
Duo Gourmet,Famiglia Geraci,Vila Olímpia,ITALIANA
Duo Gourmet,Famiglia Lucco,Alto da Lapa,PIZZARIA
Duo Gourmet,Famiglia Oliveri,Vila Sonia,ITALIANA
Duo Gourmet,Familie,Vila Romana,CONTEMPORÂNEA
Duo Gourmet,Fichips,Gopouva,BRASILEIRA
Duo Gourmet,Filó Restaurante,Pinheiros,MEDITERRÂNEA
Duo Gourmet,Fioca Confeitaria Saudável,Vila Buarque,DOCES
Duo Gourmet,Fiore de Basílico,Cidade Parquelandia,ITALIANA
Duo Gourmet,Fit Food (Leste T2),Aeroporto,CONTEMPORÂNEA
Duo Gourmet,Fit Food (Oeste T2),Aeroporto,CONTEMPORÂNEA
Duo Gourmet,Fit Food (T3),Aeroporto,CONTEMPORÂNEA
Duo Gourmet,Fiteiro,Vila Madalena,BRASILEIRA
Duo Gourmet,Five Burger,Vila Carrão,HAMBURGUERIA
Duo Gourmet,Flores Gastronomia,Perdizes,MEDITERRÂNEA
Duo Gourmet,Flow (Tatuapé),Tatuapé,SAUDÁVEL
Duo Gourmet,Flow Coffee (Morumbi),Vila Sao Francisco,SAUDÁVEL
Duo Gourmet,Flying Sushi (Butantã),Jardim Peri Peri,JAPONESA
Duo Gourmet,Flying Sushi (Morumbi),Morumbi,JAPONESA
Duo Gourmet,Flying Sushi (Paraíso),Paraíso,JAPONESA
Duo Gourmet,Flying Sushi (Perdizes),Perdizes,JAPONESA
Duo Gourmet,Flying Sushi (Taboão da Serra),Jardim Bom Tempo,JAPONESA
Duo Gourmet,Foglia Forneria,Vila Nova Conceição,ITALIANA
Duo Gourmet,Food Street Augusta,Consolação,HAMBURGUERIA
Duo Gourmet,Forneria Flora,Lapa,ITALIANA
Duo Gourmet,Forneria Maia,Consolação,PIZZARIA
Duo Gourmet,Forneria Maiori,Vila Nova Conceição,ITALIANA
Duo Gourmet,Forneria Ouro Preto,Vila Congonhas,PIZZARIA
Duo Gourmet,Forneria Ouro Preto (Leste T2),Aeroporto,CONTEMPORÂNEA
Duo Gourmet,Forneria Ouro Preto (Oeste T2),Aeroporto,CONTEMPORÂNEA
Duo Gourmet,Forneria Ouro Preto (T2),Aeroporto,CONTEMPORÂNEA
Duo Gourmet,Forneria San Paolo,Vila Olímpia,ITALIANA
Duo Gourmet,Forno da Vila,Vila Mariana,PIZZARIA
Duo Gourmet,Forno e Orégano Pizzaria,Vila da Saúde,PIZZARIA
Duo Gourmet,Frangalho,Vila Pontes,BRASILEIRA
Duo Gourmet,Fresh & Co,Itaim Bibi,SAUDÁVEL
Duo Gourmet,Frutaria São Paulo (Braz Leme),Santana,SAUDÁVEL
Duo Gourmet,Frutaria São Paulo (Oscar Freire),Jardins,SAUDÁVEL
Duo Gourmet,Frutta e Crema - Ristorante Italiano e Gelateria,Santana,ITALIANA
Duo Gourmet,Frutta e Crema - Ristorante Italiano e Gelateria,Parque Imperial da Cantareira,ITALIANA
Duo Gourmet,Fumaça Burger,Jardim Bonfiglioli,HAMBURGUERIA
Duo Gourmet,GREEM,Morumbi,BRASILEIRA
Duo Gourmet,Ganesha Asian Food,Consolação,ASIÁTICA
Duo Gourmet,Gansaral,Campo Belo,ALEMÃ
Duo Gourmet,Gathu Burguer,Santa Cecília,HAMBURGUERIA
Duo Gourmet,Gelateria Primo Amore,Pompeia,GELATERIA
Duo Gourmet,Gelato Belari,Ipiranga,GELATERIA
Duo Gourmet,Ginger Street Food (Berrini),Cidade Monções,HAMBURGUERIA
Duo Gourmet,Goela Bar,Vila Madalena,HAMBURGUERIA
Duo Gourmet,Good Stuff Burger,Indianópolis,HAMBURGUERIA
Duo Gourmet,Gosto Restaurante,Consolação,PORTUGUESA
Duo Gourmet,Graça di Napolli,Santana,PIZZARIA
Duo Gourmet,Griffinn Burger,Vila Leopoldina,HAMBURGUERIA
Duo Gourmet,Gulla - A Casa da Dona Arlette,Indianópolis,CASEIRA
Duo Gourmet,Gusto Cucina (Itaim),Itaim Bibi,ITALIANA
Duo Gourmet,Gutes (Leste T2),Aeroporto,HOT DOG
Duo Gourmet,Gutes (Oeste T2),Aeroporto,HOT DOG
Duo Gourmet,Hakai Sushi,Parque Sao Domingos,JAPONESA
Duo Gourmet,Hamburgueria Tradi (Pinheiros),Pinheiros,HAMBURGUERIA
Duo Gourmet,Hamburgueria Tradi (Santana),Santana,HAMBURGUERIA
Duo Gourmet,Hamburgueria Tradi (Tatuapé),Vila Gomes Cardim,HAMBURGUERIA
Duo Gourmet,Hamburgueria Tradi (Vila Nova Conceição),Moema,HAMBURGUERIA
Duo Gourmet,Handz By Rodrigo Einsfeld (Itaim Bibi),Itaim Bibi,ITALIANA
Duo Gourmet,Hansy By Sodileda,Chácara Santo Antônio,ALEMÃ
Duo Gourmet,Harry's Bar e Restaurante,Consolação,INTERNACIONAL
Duo Gourmet,Hassan Cozinha Árabe,Vila Olímpia,ÁRABE
Duo Gourmet,Hera Veggie,Consolação,VEGANA
Duo Gourmet,High Line Bar,Vila Madalena,CONTEMPORÂNEA
Duo Gourmet,Hot Dog Club (Embarque Remoto),Campo Belo,HOT DOG
Duo Gourmet,ICI (Alphaville),Alphaville Industrial,FRANCESA
Duo Gourmet,ICI Brasserie (JK Iguatemi),Vila Olímpia,FRANCESA
Duo Gourmet,ICI Brasserie (Jardins),Jardins,FRANCESA
Duo Gourmet,ICI Brasserie (Shopping Villa Lobos),Alto de Pinheiros,FRANCESA
Duo Gourmet,Ikihai Sushi Bar,Cidade Mãe do Céu,JAPONESA
Duo Gourmet,Imakay São Paulo,Itaim Bibi,JAPONESA
Duo Gourmet,Imma Restaurante,Jardim Europa,CONTEMPORÂNEA
Duo Gourmet,Imperio Ipa Tap House,Vila Mariana,BAR
Duo Gourmet,Incêndio,Pinheiros,CARNES
Duo Gourmet,Inflames Gastronomía,Vila Monumento,ARGENTINA
Duo Gourmet,Inhocchi Culinária Italiana,Vila Leopoldina,ITALIANA
Duo Gourmet,Inter Café (Ibirapuera),Moema,CAFETERIA
Duo Gourmet,Iroha Sushi (Saúde),Vila da Saúde,JAPONESA
Duo Gourmet,Iroha Sushi (Vila Leopoldina),Vila Leopoldina,JAPONESA
Duo Gourmet,Ixe Sanduíches,Pompéia,APERITIVOS
Duo Gourmet,Jacarandá,Pinheiros,SUL-AMERICANA
Duo Gourmet,Jacaré Grill,Vila Madalena,CARNES
Duo Gourmet,Jamie Oliver Kitchen,Itaim Bibi,CONTEMPORÂNEA
Duo Gourmet,Janela Bar (Perdizes),Água Branca,HAMBURGUERIA
Duo Gourmet,Japastel Sushi Bar,Jardim Maria Helena,JAPONESA
Duo Gourmet,Jatobah Espetaria,Parque da Mooca,BRASILEIRA
Duo Gourmet,Jolly Roger Burger,Vila Mariana,HAMBURGUERIA
Duo Gourmet,Joy Sushi,Santana,JAPONESA
Duo Gourmet,Jullia Pizzaria (Village de France),Vila Ester (Zona Norte),PIZZARIA
Duo Gourmet,Just a bite,Itaim Bibi,CONTEMPORÂNEA
Duo Gourmet,K_Fe Garten,Vila São José,ALEMÃ
Duo Gourmet,Kaia Bar e Lanches,Vila Buarque,BRASILEIRA
Duo Gourmet,Kazumi Japanese Cuisine,Campo Belo,JAPONESA
Duo Gourmet,Kebab Paris (Perdizes),Perdizes,ÁRABE
Duo Gourmet,Kebab Paris (Vila Leopoldina),Vila Leopoldina,ÁRABE
Duo Gourmet,Kibe do Hassib,Mangal,ÁRABE
Duo Gourmet,Kiichi (Jardins),Jardins,JAPONESA
Duo Gourmet,Kiichi (Shopping Center 3),Cerqueira César,JAPONESA
Duo Gourmet,Kiichi (Shopping Morumbi),Vila Andrade,JAPONESA
Duo Gourmet,Kin Sushi,Cidade Monções,JAPONESA
Duo Gourmet,Kinkan Flagship,Jardim Paulista,JAPONESA
Duo Gourmet,Kith Restaurante,Pinheiros,CONTEMPORÂNEA
Duo Gourmet,Kiyomi Sushi,Vila Clementino,JAPONESA
Duo Gourmet,Kizushi,Brooklin,JAPONESA
Duo Gourmet,Koburger,Pinheiros,HAMBURGUERIA
Duo Gourmet,Kome (Moema),Moema,JAPONESA
Duo Gourmet,Kopenhagen (Hospital Oswaldo Cruz),Bela Vista,CONFEITARIA
Duo Gourmet,Kopenhagen (Maria Antonia),Vila Buarque,CONFEITARIA
Duo Gourmet,Kopenhagen (Perdizes),Perdizes,CONFEITARIA
Duo Gourmet,La Alhambra,Vila Mariana,ESPANHOLA
Duo Gourmet,La Boca Burguer,Moema,HAMBURGUERIA
Duo Gourmet,La Ficazza (Santana),Santana,ITALIANA
Duo Gourmet,La Mordida,Santana,ARGENTINA
Duo Gourmet,La Parrilla Argentina,Moema,ARGENTINA
Duo Gourmet,La Pasta Formaggio,Brooklin Novo,ITALIANA
Duo Gourmet,La Pasta Gialla (Vila Mascote),Vila Mascote,ITALIANA
Duo Gourmet,La Perla,Pompeia,VENEZUELANA
Duo Gourmet,Lanchonete da Cidade (Cidade Jardim),Morumbi,HAMBURGUERIA
Duo Gourmet,Lanchonete da Cidade (Higienópolis),Higienópolis,HAMBURGUERIA
Duo Gourmet,Lanchonete da Cidade (Moema),Indianópolis,HAMBURGUERIA
Duo Gourmet,Lanchonete da Cidade (Pinheiros),Pinheiros,HAMBURGUERIA
Duo Gourmet,Latte di Fiori,Vila Pauliceia,GELATERIA
Duo Gourmet,Le Botteghe Di Leonardo (Jardins),Jardim Paulista,GELATERIA
Duo Gourmet,Lia Cozinha Criativa,Vila Andrade,ITALIANA
Duo Gourmet,Lille Bistrot,Vila Prudente,CONTEMPORÂNEA
Duo Gourmet,Living HNK (GRU EMBARQUE T3),Aeroporto,CONTEMPORÂNEA
Duo Gourmet,Living HNK (GRU T1),Aeroporto,CONTEMPORÂNEA
Duo Gourmet,Living HNK (GRU T2 Leste),Aeroporto,CONTEMPORÂNEA
Duo Gourmet,Living HNK (GRU T2 Mezanino Leste),Aeroporto,CONTEMPORÂNEA
Duo Gourmet,Living HNK (GRU T2 Mezanino Oeste),Aeroporto,CONTEMPORÂNEA
Duo Gourmet,Living HNK (GRU T3 Check-in),Aeroporto,CONTEMPORÂNEA
Duo Gourmet,Loja Garoto (Aeroporto Guarulhos),Aeroporto,CAFETERIA
Duo Gourmet,Lolla Meets Fire,Itaim Bibi,PARRILLA
Duo Gourmet,Los 3 Amigos,Moema,MEXICANA
Duo Gourmet,Los Burritos,Jardim Paulista,MEXICANA
Duo Gourmet,Love Burger,Jardim Ana Maria,HAMBURGUERIA
Duo Gourmet,Low BBQ (Brooklin),Cidade Monções,CHURRASCARIA
Duo Gourmet,Low BBQ (Pinheiros),Pinheiros,CHURRASCARIA
Duo Gourmet,Lucca Bistrô & Wine Bar,Jardim Refugio,CONTEMPORÂNEA
Duo Gourmet,MEA Gastronomia,Pinheiros,MEDITERRÂNEA
Duo Gourmet,MIT Restaurante,Jardim Zaira,CARNES
Duo Gourmet,Macáya (Pullman),Vila Mariana,LATINOAMERICANA
Duo Gourmet,Madrasi Culinária Indiana (Pinheiros),Pinheiros,INDIANA
Duo Gourmet,Madrasi Culinária Indiana (Tucuruvi),Tucuruvi,INDIANA
Duo Gourmet,Mahau Bar,Vila Nova Conceição,BAR
Duo Gourmet,Maikai Sushi (Alto de Pinheiros),Alto de Pinheiros,JAPONESA
Duo Gourmet,Maikai Sushi (Vila Leopoldina),Vila Leopoldina,JAPONESA
Duo Gourmet,Mais 1 Hambúrguer,Chácara Santo Antônio,HAMBURGUERIA
Duo Gourmet,Malibu Park (Itaim Bibi),Itaim Bibi,SAUDÁVEL
Duo Gourmet,Malibu Park (Vila Madalena),Vila Madalena,SAUDÁVEL
Duo Gourmet,Mammasan,Jardim Paulista,MEDITERRÂNEA
Duo Gourmet,Mandacaru,Parque Renato Maia,BRASILEIRA
Duo Gourmet,Manduria Pizza & Pasta,Vila Carrão,ITALIANA
Duo Gourmet,Manish Culinária Árabe,Itaim Bibi,ÁRABE
Duo Gourmet,Manzo Trattoria,Vila Progredior,ITALIANA
Duo Gourmet,Maracujá Restaurante,Jardim Paulista,BRASILEIRA
Duo Gourmet,Marola (Itaim Bibi),Itaim Bibi,HAMBURGUERIA
Duo Gourmet,Martin Bar,Tatuapé,BAR
Duo Gourmet,Massa Fina,Granja Julieta,BRASILEIRA
Duo Gourmet,Meli Melo,Cidade Monções,CONTEMPORÂNEA
Duo Gourmet,Meliá - INNSiDE Itaim Bite Box,Itaim Bibi,INTERNACIONAL
Duo Gourmet,Meliá - Innside Iguatemi,Itaim Bibi,INTERNACIONAL
Duo Gourmet,Meliá - Restaurante Novedad Tatuapé,Tatuapé,INTERNACIONAL
Duo Gourmet,Meliá Paulista - Restaurante Gran Via,Bela Vista,INTERNACIONAL
Duo Gourmet,Mena Gastrobar,Tatuapé,GASTROBAR
Duo Gourmet,Merci Brasserie,Jardim Anália Franco,FRANCESA
Duo Gourmet,Merlino,Pompéia,MEDITERRÂNEA
Duo Gourmet,Mica (Pinheiros),Pinheiros,ASIÁTICA
Duo Gourmet,Mii Rooftop,Jardim Anália Franco,GREGA
Duo Gourmet,Miles Wine Bar,Campo Belo,TAPAS
Duo Gourmet,Miró Gastronomia,Jardim Paulista,CONTEMPORÂNEA
Duo Gourmet,Miya Wine Bar (Campo Belo),Campo Belo,CONTEMPORÂNEA
Duo Gourmet,Miya Wine Bar (Pinheiros),Pinheiros,CONTEMPORÂNEA
Duo Gourmet,Mondo Pane Ristorante,Jardim Paulista,ITALIANA
Duo Gourmet,Monte Verde Cantina & Pizzaria,Jardim Paulista,PIZZARIA
Duo Gourmet,Moscatel Restaurante,Bela Vista,ITALIANA
Duo Gourmet,Mr Cheesecake Bake shop & Deli,Vila Nova Conceição,CONFEITARIA
Duo Gourmet,Mr Texas Pizza,Jardim Maia,PIZZARIA
Duo Gourmet,Mr Texas Pizza (Santana),Carandiru,PIZZARIA
Duo Gourmet,Mr Texas Pizza (Vila Carrão),Vila Carrão,PIZZARIA
Duo Gourmet,Mr Texas Pizza (Vila Mariana),Vila Deodoro,PIZZARIA
Duo Gourmet,Mr Texas Pizza (Vila Pauliceia),Vila Pauliceia,PIZZARIA
Duo Gourmet,Mr. Austin Steakhouse,Quarta Parada,STEAKHOUSE
Duo Gourmet,Mr. Bey (Leste T2),Aeroporto,DOCES
Duo Gourmet,Mr. Bey (Oeste T2),Aeroporto,DOCES
Duo Gourmet,Mr. Bowls,Jardim Emilia,HAVAIANA
Duo Gourmet,Nakajiro Sushi (Alto da Lapa),Alto da Lapa,JAPONESA
Duo Gourmet,Nathan's Famous (Higienópolis),Higienópolis,LANCHES
Duo Gourmet,Nathan's Famous (Vila Madalena),Jardim das Bandeiras,LANCHES
Duo Gourmet,Nati Mazzoni Confeitaria Funcional,Alphaville Comercial,CONFEITARIA
Duo Gourmet,Nações Unidas by Meliá,Chácara Santo Antônio,BRASILEIRA
Duo Gourmet,Nestor Pizzaria Gastronomia,Parque da Vila Prudente,PIZZARIA
Duo Gourmet,Nico Hamburgueria,Ipiranga,HAMBURGUERIA
Duo Gourmet,Nico Pasta & Basta,Ipiranga,ITALIANA
Duo Gourmet,Ninetto Trattoria,Pinheiros,ITALIANA
Duo Gourmet,Nohar Steak House,Vila Gomes Cardim,CARNES
Duo Gourmet,Nokyoski (Jardim Guedala),Jardim Guedala,JAPONESA
Duo Gourmet,Nokyoski (Moema),Moema,JAPONESA
Duo Gourmet,Nomad Lanches,Mooca,HAMBURGUERIA
Duo Gourmet,Notizia Pizzaria,Itaim Bibi,PIZZARIA
Duo Gourmet,Number One Burger,Alto da Lapa,HAMBURGUERIA
Duo Gourmet,Nômade Bar e Restaurante,Pinheiros,CONTEMPORÂNEA
Duo Gourmet,O Beirute,Ipiranga,ÁRABE
Duo Gourmet,O Burguer,Moema,HAMBURGUERIA
Duo Gourmet,O Compadre,Vila Guilherme,BRASILEIRA
Duo Gourmet,O Expedito Bar,Vila Anglo Brasileira,BRASILEIRA
Duo Gourmet,O Pasquim Bar e Prosa (Vila Madalena),Vila Madalena,BRASILEIRA
Duo Gourmet,O Pasquim Bar e Prosa (Zona Norte),Casa Verde,BRASILEIRA
Duo Gourmet,O Pudim Perfeito (Itaim Bibi),Itaim Bibi,DOCES
Duo Gourmet,O Pudim Perfeito (Moema),Indianópolis,DOCES
Duo Gourmet,O Pudim Perfeito (Morumbi),Santo Amaro,DOCES
Duo Gourmet,O Pudim Perfeito (Tatuapé),Vila Gomes Cardim,DOCES
Duo Gourmet,Oakberry (Praiamar),Aparecida,AÇAÍ
Duo Gourmet,Olive Garden (Aricanduva),Vila Matilde,ITALIANA
Duo Gourmet,Olive Garden (Morumbi Shopping),Jardim das Acacias,ITALIANA
Duo Gourmet,Olive Garden (Shopping Center Norte),Vila Guilherme,ITALIANA
Duo Gourmet,Olive Garden (Terminal 2),Cumbica,ITALIANA
Duo Gourmet,Olive Garden (Terminal 3),Cumbica,ITALIANA
Duo Gourmet,Onesttà Pizza,Mooca,PIZZARIA
Duo Gourmet,Onetwo Pizzas,Pinheiros,PIZZARIA
Duo Gourmet,Original,Vila Uberabinha,BRASILEIRA
Duo Gourmet,Osso,Itaim Bibi,CARNES
Duo Gourmet,Othê Restaurante Bar,Pinheiros,MINEIRA
Duo Gourmet,PARIS 6 (Matriz Classique),Cerqueira César,CONTEMPORÂNEA
Duo Gourmet,PARIS 6 (Vaudeville),Cerqueira César,CONTEMPORÂNEA
Duo Gourmet,POP Vegan Food,Consolação,PIZZARIA
Duo Gourmet,Padavi,Santa Cecilia,PADARIA ARTESANAL
Duo Gourmet,Padoca do Jaca,Pinheiros,BRASILEIRA
Duo Gourmet,Panni Padaria Artesanal (Braz Leme),Casa Verde,PADARIA ARTESANAL
Duo Gourmet,Panni Padaria Artesanal (Água Fria),Água Fria,PADARIA ARTESANAL
Duo Gourmet,Panvino,Vila Cordeiro,ITALIANA
Duo Gourmet,Pasta Nostra,Vila Mariana,ITALIANA
Duo Gourmet,Pasta Tua Trattoria,Vila Gomes Cardim,ITALIANA
Duo Gourmet,Patacón Pisao,Vila Clementino,REGIONAL
Duo Gourmet,Patcy Cake,Jardim Paulistano,CAFETERIA
Duo Gourmet,Pateo Da Luz,Consolação,VARIADA
Duo Gourmet,Pato Rei (Pinheiros),Pinheiros,ASIÁTICA
Duo Gourmet,Pecorino,Parque Bela Vista,MEDITERRÂNEA
Duo Gourmet,Pecorino (Alphaville),Alphaville Industrial,ITALIANA
Duo Gourmet,Pecorino (BoaVista Shopping),Santo Amaro,ITALIANA
Duo Gourmet,Pecorino (Granja Viana),Lageadinho,ITALIANA
Duo Gourmet,Pecorino (Higienópolis),Higienópolis,ITALIANA
Duo Gourmet,Pecorino (Jardim Paulista),Jardim Paulista,ITALIANA
Duo Gourmet,Pecorino (Mooca),Vila Prudente,ITALIANA
Duo Gourmet,Pecorino (Morumbi Tower),Vila Andrade,ITALIANA
Duo Gourmet,Pecorino (Shopping Center 3),Cerqueira César,ITALIANA
Duo Gourmet,Pecorino (Tamboré),Tamboré,ITALIANA
Duo Gourmet,Pecorino (Vila Mariana),Vila Clementino,ITALIANA
Duo Gourmet,Pecorino Bar & Trattoria (Maxi Shopping),Vila Rio Branco,ITALIANA
Duo Gourmet,Pecorino Cucina Mediterrânea (Itaim Bibi),Itaim Bibi,MEDITERRÂNEA
Duo Gourmet,Pecorino Cucina Mediterrânea (Pinheiros),Pinheiros,MEDITERRÂNEA
Duo Gourmet,Pecorino Mediterrânea (Brás Leme Mall),Santana,MEDITERRÂNEA
Duo Gourmet,Pecorino Trattoria (Mogi das Cruzes),Jardim Armenia,ITALIANA
Duo Gourmet,Pecorino Trattoria (Osasco SuperShopping),Industrial Autonomistas,ITALIANA
Duo Gourmet,Peixe ao Cubo (Vila Olímpia),Vila Olímpia,JAPONESA
Duo Gourmet,Pesqueiro e Piscicultura Birigui,BOATO,BRASILEIRA
Duo Gourmet,Petiskin do Bob (Lapa),Lapa,FRUTOS DO MAR
Duo Gourmet,Petros Taverna (I),Pinheiros,GREGA
Duo Gourmet,Phillys,Vila Mariana,HAMBURGUERIA
Duo Gourmet,Piccoli Cucina,Pinheiros,VEGANA
Duo Gourmet,Pina Restaurante,Itaim Bibi,ITALIANA
Duo Gourmet,Pinga Y Tapas,Pinheiros,IBÉRICA
Duo Gourmet,Pinguina Sorveteria (Vila Buarque),Vila Buarque,SORVETERIA
Duo Gourmet,Pinguina Sorveteria (Vila Madalena),Jardim das Bandeiras,SORVETERIA
Duo Gourmet,Pintxos Bar,Pinheiros,ESPANHOLA
Duo Gourmet,Pirajá (Alphaville),Alphaville Industrial,BRASILEIRA
Duo Gourmet,Pirajá (Center Norte),Vila Guilherme,BRASILEIRA
Duo Gourmet,Pirajá (Eldorado),Pinheiros,BRASILEIRA
Duo Gourmet,Pirajá (Faria Lima),Pinheiros,BRASILEIRA
Duo Gourmet,Pirajá (Itaim),Itaim Bibi,BRASILEIRA
Duo Gourmet,Pirajá (Morumbi),Jardim das Acacias,BRASILEIRA
Duo Gourmet,Pirajá (Paulista),Jardim Paulista,BRASILEIRA
Duo Gourmet,Pirajá (Pinheiros),Pinheiros,BRASILEIRA
Duo Gourmet,Pirajá (Tamboré),Tamboré,BRASILEIRA
Duo Gourmet,Pirajá (Vila Mariana),Vila Mariana,BRASILEIRA
Duo Gourmet,Pirajá (Villa Lobos),Pinheiros,BRASILEIRA
Duo Gourmet,Pitico,Pinheiros,ÁRABE
Duo Gourmet,Pizzaria A Esperança,Brooklin,ITALIANA
Duo Gourmet,Pizzaria FlyPiz,Vila Carrão,PIZZARIA
Duo Gourmet,Platz,Campo Belo,EUROPEIA
Duo Gourmet,Poke Sorocaba,Parque Campolim,HAVAIANA
Duo Gourmet,Porco Atrevido,Parque Mandaqui,HAMBURGUERIA
Duo Gourmet,Poti Bar e Restaurante,Vila Gomes Cardim,BRASILEIRA
Duo Gourmet,Pracinha Seu Justino,Sumarezinho,BRASILEIRA
Duo Gourmet,Preto Cozinha,Pinheiros,BRASILEIRA
Duo Gourmet,Projeto Burguer (Vila Maria),Vila Maria,HAMBURGUERIA
Duo Gourmet,Projeto Burguer (Vila Romana),Vila Romana,HAMBURGUERIA
Duo Gourmet,Projeto Steakhouse,Jardim das Laranjeiras,CARNES
Duo Gourmet,Pudim Box (Brooklin),Brooklin,DOCES
Duo Gourmet,Pudim Box (Santana),Santana,DOCES
Duo Gourmet,Pudim Box (Vila Leopoldina),Vila Leopoldina,DOCES
Duo Gourmet,Pudim Box (Vila Mariana),Vila Mariana,DOCES
Duo Gourmet,Pé de Manga,Vila Madalena,CONTEMPORÂNEA
Duo Gourmet,Quinkas Bar Ipiranga,Ipiranga,BAR
Duo Gourmet,Quintal Burguer,Vila Leopoldina,HAMBURGUERIA
Duo Gourmet,Quintal Urbano,Pinheiros,PIZZARIA
Duo Gourmet,Quintal Vó Maria,Vila Mariana,PIZZARIA
Duo Gourmet,Raiz Club,Pinheiros,BAR
Duo Gourmet,Raízes Nordestinas,Santana,BRASILEIRA
Duo Gourmet,Reet Namaste,Cerqueira César,INDIANA
Duo Gourmet,Rendez-Vous,Pinheiros,FRANCESA
Duo Gourmet,Reserva Rooftop,Jardim das Perdizes,CARNES
Duo Gourmet,Restaurante Banana Verde,Vila Madalena,NATURAL
Duo Gourmet,Restaurante Barskiy Dom,Aclimação,RUSSA
Duo Gourmet,Restaurante Capim Santo,Jardim Paulistano,BRASILEIRA
Duo Gourmet,Restaurante Dock - INNSiDE by Meliá Higienópolis,Higienópolis,CONTEMPORÂNEA
Duo Gourmet,Restaurante Fuentes,Cerqueira César,ESPANHOLA
Duo Gourmet,Restaurante Las Chicas,Pinheiros,VARIADA
Duo Gourmet,Restaurante Manden Baoba,Vila Mariana,AFRICANA
Duo Gourmet,Restaurante Marialva,Jardim Paulista,PORTUGUESA
Duo Gourmet,Restaurante Neto,Chácara Santo Antônio,ITALIANA
Duo Gourmet,Restaurante Origens (Radisson Pinheiros),Cerqueira César,INTERNACIONAL
Duo Gourmet,Restaurante Tarsila,Jardim Paulista,INTERNACIONAL
Duo Gourmet,Restaurante Terraço Jardins,Jardim Paulista,BRASILEIRA
Duo Gourmet,Rico Parilla,Vila Nova Conceição,CARNES
Duo Gourmet,Rinconcito Peruano (Aurora),Santa Ifigênia,PERUANA
Duo Gourmet,Rinconcito Peruano (Metrópole),República,PERUANA
Duo Gourmet,Rinconcito Peruano (Santana),Santana,PERUANA
Duo Gourmet,Rinconcito Peruano (Tamboré),Tamboré,PERUANA
Duo Gourmet,Ripito,Pinheiros,CAFETERIA
Duo Gourmet,Rizz Restaurante,Indianópolis,ITALIANA
Duo Gourmet,Rokkon (T2),Aeroporto,CONTEMPORÂNEA
Duo Gourmet,Rokkon (T3 Check-in),Aeroporto,CONTEMPORÂNEA
Duo Gourmet,Rosso Burguer,Vila Zelina,HAMBURGUERIA
Duo Gourmet,Ryad Gastronomia,Tatuapé,ÁRABE
Duo Gourmet,SOFT ≈ Ice Cream (Pinheiros),Pinheiros,SORVETERIA
Duo Gourmet,Saint John's Irish Pub,Vila Gomes Cardim,INTERNACIONAL
Duo Gourmet,Sakeumi Sushi (Pinheiros),Pinheiros,JAPONESA
Duo Gourmet,Sala Vip Pizza Bar (Guarujá),Balneario Praia do Pernambuco,PIZZARIA
Duo Gourmet,Sala Vip Pizza Bar (Ipiranga),Ipiranga,PIZZARIA
Duo Gourmet,Sala Vip Pizza Bar (Moema),Moema,PIZZARIA
Duo Gourmet,Sale & Pepe,Chácara Santo Antônio,ITALIANA
Duo Gourmet,Samosa & Company Indian Food,Jardim Paulista,INDIANA
Duo Gourmet,Sampa Vinho,Pinheiros,WINE BAR
Duo Gourmet,Santa Fé - O Cupim,Pompeia,BRASILEIRA
Duo Gourmet,Santōsushi,Santo Amaro,JAPONESA
Duo Gourmet,Sassá Sushi,Itaim Bibi,JAPONESA
Duo Gourmet,Sauce Burger,Campo Belo,HAMBURGUERIA
Duo Gourmet,Seara Gourmet (T2),Aeroporto,CONTEMPORÂNEA
Duo Gourmet,Selvagem Ibirapuera,Vila Mariana,BRASILEIRA
Duo Gourmet,Seo Barbecue,Jardim Faculdade,CARNES
Duo Gourmet,Seo Basílico,Mooca,PIZZARIA
Duo Gourmet,Serafim Moema,Moema,BRASILEIRA
Duo Gourmet,Seu Domingos,Vila Madalena,GASTROBAR
Duo Gourmet,Seu Justino,Vila Madalena,BRASILEIRA
Duo Gourmet,Seu Rachid,Vila Romana,ÁRABE
Duo Gourmet,Sforno,Itaim Bibi,PIZZARIA
Duo Gourmet,Shakshuka,Perdizes,JUDAICA
Duo Gourmet,Singela Sorveteria (Perdizes),Pompéia,GELATERIA
Duo Gourmet,Singela Sorveteria (Vila Madalena),Vila Madalena,GELATERIA
Duo Gourmet,Sinyal Street Food,Vila Madalena,HAMBURGUERIA
Duo Gourmet,Sirène (Perdizes),Perdizes,BRASILEIRA
Duo Gourmet,Sky Hall Garden Bar,Jardim Paulista,GASTROBAR
Duo Gourmet,Sky Hall Terrace Bar,Vila Nova Conceição,GASTROBAR
Duo Gourmet,Sliders (Jardins),Cerqueira César,HAMBURGUERIA
Duo Gourmet,Sliders (Vila Olímpia),Vila Olímpia,HAMBURGUERIA
Duo Gourmet,Smash House Burguer,Tamboré,HAMBURGUERIA
Duo Gourmet,Sobrado Tucupi,Bela Vista,BRASILEIRA
Duo Gourmet,Soggiorno Pizzaria,Alto da Lapa,PIZZARIA
Duo Gourmet,Solara Bar,Vila Madalena,AUTORAL
Duo Gourmet,Sonho Árabe,Santo Amaro,ÁRABE
Duo Gourmet,Sorveteria Yuu Yuu,Moema,SORVETERIA
Duo Gourmet,Sotero Cozinha,Santa Cecília,BAIANA
Duo Gourmet,Souq Restaurante,Jardim Paulista,LIBANESA
Duo Gourmet,Spazio Itália,Campo Belo,ITALIANA
Duo Gourmet,Stella - Canopy by Hilton Jardins,Jardim Paulista,BRASILEIRA
Duo Gourmet,Street BBQ,Tatuapé,HAMBURGUERIA
Duo Gourmet,Subastor,Vila Madalena,CONTEMPORÂNEA
Duo Gourmet,Super Pizza Pan,Jardim America,PIZZARIA
Duo Gourmet,Supra di Mauro Maia,Itaim Bibi,ITALIANA
Duo Gourmet,Suri Ceviche Bar,Pinheiros,LATINOAMERICANA
Duo Gourmet,São Paulo Tap House,Vila Madalena,HAMBURGUERIA
Duo Gourmet,T.T Burger (Itaim Bibi),Itaim Bibi,HAMBURGUERIA
Duo Gourmet,Taglia,Brooklin,ITALIANA
Duo Gourmet,Tandoor,Paraíso,INDIANA
Duo Gourmet,Tantin Bar (Pinheiros),Pinheiros,BRASILEIRA
Duo Gourmet,Tappi Cozinha e Vinho,Vila Leopoldina,ITALIANA
Duo Gourmet,Taqueria Atzi,Pinheiros,MEXICANA
Duo Gourmet,Taquería La Popular,Consolação,MEXICANA
Duo Gourmet,Taquería La Sabrosa,Pinheiros,MEXICANA
Duo Gourmet,Tayti Gelateria (Kablin),Chácara Klabin,GELATERIA
Duo Gourmet,Tayti Gelateria (Moema),Moema,GELATERIA
Duo Gourmet,Tayti Gelateria (Vila Mariana),Vila Mariana,GELATERIA
Duo Gourmet,Tchocolath,Vila Nova Conceição,CAFETERIA
Duo Gourmet,Temakeria Santana,Santana,JAPONESA
Duo Gourmet,Temperani Cucina,Jardim Anália Franco,ITALIANA
Duo Gourmet,Temperani Trattoria (Itaim),Itaim Bibi,ITALIANA
Duo Gourmet,Terra Brasa,Jardim Bonfiglioli,CHURRASCARIA
Duo Gourmet,The Bowl (Itaim),Itaim Bibi,ASIÁTICA
Duo Gourmet,The Coffee Shop - Nescafé (Leste T2),Aeroporto,CONTEMPORÂNEA
Duo Gourmet,The Coffee Shop - Nescafé (Oeste T2),Aeroporto,CONTEMPORÂNEA
Duo Gourmet,The Coffee Shop - Nescafé (T3),Aeroporto,CONTEMPORÂNEA
Duo Gourmet,The Japa Sushi e Bar,Consolação,JAPONESA
Duo Gourmet,The Ozzy Burger (Parque São Domingos),Parque Sao Domingos,HAMBURGUERIA
Duo Gourmet,The Ozzy Burger (Vila Anastácio),Vila Anastácio,HAMBURGUERIA
Duo Gourmet,The Pitchers Burger and Baseball,Vila Clementino,HAMBURGUERIA
Duo Gourmet,Timo Cucina (Central),Campos Elíseos,CONTEMPORÂNEA
Duo Gourmet,Timo Cucina (Vila Olímpia),Vila Nova Conceição,CONTEMPORÂNEA
Duo Gourmet,Tina Pizzeria,Vila Taquari,PIZZARIA
Duo Gourmet,Tom Ticken (Itaim Bibi),Itaim Bibi,HAMBURGUERIA
Duo Gourmet,Torniamo Cucina Italiana,Brooklin Velho,ITALIANA
Duo Gourmet,Torobull Steak,Vila Leopoldina,STEAKHOUSE
Duo Gourmet,Tortuga Restaurante,Pinheiros,CONTEMPORÂNEA
Duo Gourmet,Toshiro Sushi (Perdizes),Perdizes,JAPONESA
Duo Gourmet,Toshiro Sushi (Santa Cecília),Santa Cecilia,JAPONESA
Duo Gourmet,Totti Gastronomia,Moema,CONTEMPORÂNEA
Duo Gourmet,Trattoria Nonna Pina,Tatuapé,ITALIANA
Duo Gourmet,Trattoria Tavolino (Higienópolis),Higienópolis,ITALIANA
Duo Gourmet,Trattoria Tavolino (Jardins),Jardim Paulista,ITALIANA
Duo Gourmet,Trattoria do Pietro,Brooklin,ITALIANA
Duo Gourmet,Trigo Pane Pizza,Moema,PIZZARIA
Duo Gourmet,Trinca Bar,Pinheiros,BAR
Duo Gourmet,Três Gordos (Itaim Bibi),Itaim Bibi,HAMBURGUERIA
Duo Gourmet,Tucupi do Centro,República,REGIONAL
Duo Gourmet,Tulsi Indian Cuisine,Brooklin Novo,INDIANA
Duo Gourmet,Un1T Burger,Vila Ester,HAMBURGUERIA
Duo Gourmet,Ursus Rock Burger,Vila Prudente,HAMBURGUERIA
Duo Gourmet,Uru Mar y Parrilla,Vila Reg. Feijó,PARRILLA
Duo Gourmet,Uy Parrilla,Santana,URUGUAIA
Duo Gourmet,VKS Beer House,Vila Mariana,BAR
Duo Gourmet,Vaca Pollo Chancho (Tatuapé),Tatuapé,MEXICANA
Duo Gourmet,Vaca Verde,Vila Olímpia,VEGANA
Duo Gourmet,Varal 87,Moema,STEAKHOUSE
Duo Gourmet,Varanda Campolim,Jardim America,BRASILEIRA
Duo Gourmet,Vecchio Cappelletti,Perdizes,ITALIANA
Duo Gourmet,Verdi Caffè,Itaim Bibi,CONTEMPORÂNEA
Duo Gourmet,Vicky Barcelona,Itaim Bibi,IBÉRICA
Duo Gourmet,Vigga Bar,Brooklin,BAR
Duo Gourmet,Vila Anália Patisserie,Jardim Anália Franco,CONFEITARIA
Duo Gourmet,Vila Hermosa Bistrô,Vila Nova Conceição,CONTEMPORÂNEA
Duo Gourmet,Vilarejo Klabin,Vila Mariana,PIZZARIA
Duo Gourmet,Villa Lucco,Vila Romana,ITALIANA
Duo Gourmet,Vinheria Percussi,Pinheiros,ITALIANA
Duo Gourmet,Vinil Burger (Jardins),Cerqueira César,HAMBURGUERIA
Duo Gourmet,Vinil Burger (Pinheiros),Pinheiros,HAMBURGUERIA
Duo Gourmet,Vinil Burger (Santo Amaro),Santo Amaro,HAMBURGUERIA
Duo Gourmet,Vinil Burger (Shopping Tamboré),Tamboré,HAMBURGUERIA
Duo Gourmet,Vino!,Vila Virginia,ITALIANA
Duo Gourmet,Vino!,Parque Campolim,WINE BAR
Duo Gourmet,Vino! (Higienópolis),Higienópolis,ITALIANA
Duo Gourmet,Vino! (Mooca),Água Rasa,ITALIANA
Duo Gourmet,Vino! (Morumbi),Santo Amaro,ITALIANA
Duo Gourmet,Vino! (Pinheiros),Pinheiros,ITALIANA
Duo Gourmet,Vino! (Vila Leopoldina),Vila Leopoldina,INTERNACIONAL
Duo Gourmet,Vinícola Campestre,Pinheiros,ITALIANA
Duo Gourmet,Violla Gastrobar,Vila Clementino,GASTROBAR
Duo Gourmet,Virgulino,Santa Cecilia,NORDESTINA
Duo Gourmet,Vista Restaurante Ibirapuera,Vila Mariana,BRASILEIRA
Duo Gourmet,WA Restaurant,Santana,JAPONESA
Duo Gourmet,Winn Wine Bar,Chácara Urbana,GASTROBAR
Duo Gourmet,X-Tudo Burger,Jardim Petropolis,HAMBURGUERIA
Duo Gourmet,Yohiro Sushi,Vila Olímpia,JAPONESA
Duo Gourmet,Yucatan,Vila Olímpia,MEXICANA
Duo Gourmet,Ômadá Bar,Pinheiros,BAR
Prime Gourmet,Subcategorias,São Paulo/Região,Subcategorias
Prime Gourmet,Magic City (Parque Aquático),São Paulo/Região,Magic City (Parque Aquático)
Prime Gourmet,Morumbi Park (Ingresso),São Paulo/Região,Morumbi Park (Ingresso)
Prime Gourmet,Família No Parque,São Paulo/Região,Família No Parque
Prime Gourmet,Parque Da Mônica,São Paulo/Região,Parque Da Mônica
Prime Gourmet,Vinícola Goés (Tour dos Vinhedos),São Paulo/Região,Vinícola Goés (Tour dos Vinhedos)
Prime Gourmet,Vinícola Goés (Visita Guiada),São Paulo/Região,Vinícola Goés (Visita Guiada)
Prime Gourmet,Vinícola XV de Novembro (Degustação Harmonizada),São Paulo/Região,Vinícola XV de Novembro (Degustação Harmonizada)
Prime Gourmet,Vinícola XV de Novembro (Degustação Orientada),São Paulo/Região,Vinícola XV de Novembro (Degustação Orientada)
Prime Gourmet,Dream Car (Kart),São Paulo/Região,Dream Car (Kart)
Prime Gourmet,Dream Car (Museu),São Paulo/Região,Dream Car (Museu)
Prime Gourmet,Ice Bar Torquay,São Paulo/Região,Ice Bar Torquay
Prime Gourmet,Quinta Do Olivardo (Degustação Guiada),São Paulo/Região,Quinta Do Olivardo (Degustação Guiada)
Prime Gourmet,Hello Park,São Paulo/Região,Hello Park
Prime Gourmet,Hotel Monreale Express - Glicério | Campinas,São Paulo/Região,Hotel Monreale Express - Glicério
Prime Gourmet,Hotel Monreale Express - Ribeirão Preto | Ribeirão Preto,São Paulo/Região,Hotel Monreale Express - Ribeirão Preto
Prime Gourmet,Hotel Monreale Lifestyle - Higienópolis | São Paulo,São Paulo/Região,Hotel Monreale Lifestyle - Higienópolis
Prime Gourmet,Hotel Monreale Plus - Midtown | Campinas,São Paulo/Região,Hotel Monreale Plus - Midtown
Prime Gourmet,Hotel Monreale Plus - São José Dos Campos | São José Dos Campos,São Paulo/Região,Hotel Monreale Plus - São José Dos Campos
Prime Gourmet,Hotel Monreale Plus - São Paulo Internacional Airport | Guarulhos,São Paulo/Região,Hotel Monreale Plus - São Paulo Internacional Airport
Prime Gourmet,Alma Galiza (Degustação Harmonizada),São Paulo/Região,Alma Galiza (Degustação Harmonizada)
Prime Gourmet,Alma Galiza (Degustação Orientada),São Paulo/Região,Alma Galiza (Degustação Orientada)
Prime Gourmet,Alma Galiza (Passeio Aos Parrerais Com Degustação Harmonizada,São Paulo/Região,Alma Galiza (Passeio Aos Parrerais Com Degustação Harmonizada
Prime Gourmet,Philosophia Wine (Tour Guiado),São Paulo/Região,Philosophia Wine (Tour Guiado)
Prime Gourmet,Philosophia Wine (Vinhos & Macarons),São Paulo/Região,Philosophia Wine (Vinhos & Macarons)
Prime Gourmet,RilaVida,São Paulo/Região,RilaVida
Prime Gourmet,Trem da República | Itu - Salto,São Paulo/Região,Trem da República
Prime Gourmet,The Circus Bar Show,São Paulo/Região,The Circus Bar Show
Prime Gourmet,Itacolomy,São Paulo/Região,Itacolomy
Prime Gourmet,Kangoo Park,São Paulo/Região,Kangoo Park
Prime Gourmet,Pullman Guarulhos (Day Pass),São Paulo/Região,Pullman Guarulhos (Day Pass)
Prime Gourmet,Di Paolo (Lar Center),São Paulo/Região,Di Paolo (Lar Center)
Prime Gourmet,Di Paolo (Pinheiros),São Paulo/Região,Di Paolo (Pinheiros)
Prime Gourmet,Di Paolo (Vila Olímpia),São Paulo/Região,Di Paolo (Vila Olímpia)
Prime Gourmet,Hannover Fondue (Moema),São Paulo/Região,Hannover Fondue (Moema)
Prime Gourmet,Hannover Fondue (Perdizes),São Paulo/Região,Hannover Fondue (Perdizes)
Prime Gourmet,Hannover Fondue (Tatuapé),São Paulo/Região,Hannover Fondue (Tatuapé)
Prime Gourmet,Mr. Austin,São Paulo/Região,Mr. Austin
Prime Gourmet,Croma Pizza & Burguers (Carrão),São Paulo/Região,Croma Pizza & Burguers (Carrão)
Prime Gourmet,Croma Pizza & Burguers (Itaquera),São Paulo/Região,Croma Pizza & Burguers (Itaquera)
Prime Gourmet,Croma Pizza & Burguers (SCS),São Paulo/Região,Croma Pizza & Burguers (SCS)
Prime Gourmet,Mr. Texas Guarulhos (Pegue & Leve),São Paulo/Região,Mr. Texas Guarulhos (Pegue & Leve)
Prime Gourmet,Mr. Texas Pizza (Carrão/Tatuapé),São Paulo/Região,Mr. Texas Pizza (Carrão/Tatuapé)
Prime Gourmet,Mr. Texas Pizza (Guarulhos),São Paulo/Região,Mr. Texas Pizza (Guarulhos)
Prime Gourmet,Mr. Texas Pizza (Jardim São Paulo),São Paulo/Região,Mr. Texas Pizza (Jardim São Paulo)
Prime Gourmet,Mr. Texas Pizza (Santana),São Paulo/Região,Mr. Texas Pizza (Santana)
Prime Gourmet,Mr. Texas Pizza (SCS),São Paulo/Região,Mr. Texas Pizza (SCS)
Prime Gourmet,Mr. Texas Pizza (Vila Mariana),São Paulo/Região,Mr. Texas Pizza (Vila Mariana)
Prime Gourmet,Mr. Texas Pizza Carrão/Tatuapé (Pegue & Leve),São Paulo/Região,Mr. Texas Pizza Carrão/Tatuapé (Pegue & Leve)
Prime Gourmet,Mr. Texas Pizza Jardim São Paulo (Pegue & Leve),São Paulo/Região,Mr. Texas Pizza Jardim São Paulo (Pegue & Leve)
Prime Gourmet,Mr. Texas Pizza Santana (Pegue & Leve),São Paulo/Região,Mr. Texas Pizza Santana (Pegue & Leve)
Prime Gourmet,Mr. Texas Pizza SCS (Pegue & Leve),São Paulo/Região,Mr. Texas Pizza SCS (Pegue & Leve)
Prime Gourmet,Mr. Texas Pizza Vila Mariana (Pegue & Leve),São Paulo/Região,Mr. Texas Pizza Vila Mariana (Pegue & Leve)
Prime Gourmet,Nestor Pizzaria (Pizza Grande Delivery),São Paulo/Região,Nestor Pizzaria (Pizza Grande Delivery)
Prime Gourmet,Nestor Pizzaria (Rodízio),São Paulo/Região,Nestor Pizzaria (Rodízio)
Prime Gourmet,Nômade Bar e Restaurante,São Paulo/Região,Nômade Bar e Restaurante
Prime Gourmet,Playcenter Family (ABC),São Paulo/Região,Playcenter Family (ABC)
Prime Gourmet,Playcenter Family (Aricanduva),São Paulo/Região,Playcenter Family (Aricanduva)
Prime Gourmet,Playland (Center Norte),São Paulo/Região,Playland (Center Norte)
Prime Gourmet,Playland (Eldorado),São Paulo/Região,Playland (Eldorado)
Prime Gourmet,Playland (Interlagos),São Paulo/Região,Playland (Interlagos)
Prime Gourmet,Playland (Osasco),São Paulo/Região,Playland (Osasco)
Prime Gourmet,Playland (Tatuapé),São Paulo/Região,Playland (Tatuapé)
Prime Gourmet,Sala Vip (Ipiranga),São Paulo/Região,Sala Vip (Ipiranga)
Prime Gourmet,Sala Vip (Moema),São Paulo/Região,Sala Vip (Moema)
Prime Gourmet,Sala Vip (SBC),São Paulo/Região,Sala Vip (SBC)
Prime Gourmet,Sala Vip (SCS),São Paulo/Região,Sala Vip (SCS)
Prime Gourmet,T.T. Burger,São Paulo/Região,T.T. Burger
Prime Gourmet,Temperani Trattoria,São Paulo/Região,Temperani Trattoria
Prime Gourmet,Terra Brasa,São Paulo/Região,Terra Brasa
Prime Gourmet,60 Minutos Escape Room,São Paulo/Região,60 Minutos Escape Room
Prime Gourmet,Ayumi Sushi Prime (Delivery),São Paulo/Região,Ayumi Sushi Prime (Delivery)
Prime Gourmet,Ayumi Sushi Prime (Rodízio),São Paulo/Região,Ayumi Sushi Prime (Rodízio)
Prime Gourmet,Bar Do Nico,São Paulo/Região,Bar Do Nico
Prime Gourmet,Barco Ilhas - São Sebastião (Prato),São Paulo/Região,Barco Ilhas - São Sebastião (Prato)
Prime Gourmet,Caravela - São Sebastião (Prato),São Paulo/Região,Caravela - São Sebastião (Prato)
Prime Gourmet,Gelatiamo - São Sebastião (Gelato),São Paulo/Região,Gelatiamo - São Sebastião (Gelato)
Prime Gourmet,Handz by Rodrigo Einsfeld (Casa Verde),São Paulo/Região,Handz by Rodrigo Einsfeld (Casa Verde)
Prime Gourmet,Handz by Rodrigo Einsfeld (Itaim Bibi),São Paulo/Região,Handz by Rodrigo Einsfeld (Itaim Bibi)
Prime Gourmet,Jolly Roger Burger,São Paulo/Região,Jolly Roger Burger
Prime Gourmet,Nico Hamburgueria,São Paulo/Região,Nico Hamburgueria
Prime Gourmet,Nico Pasta & Basta,São Paulo/Região,Nico Pasta & Basta
Prime Gourmet,Pitombas Burguer - São Sebastião (Burguer),São Paulo/Região,Pitombas Burguer - São Sebastião (Burguer)
Prime Gourmet,Pizzaria Bella Formosa (Delivery),São Paulo/Região,Pizzaria Bella Formosa (Delivery)
Prime Gourmet,Pizzaria Bella Formosa (Rodízio),São Paulo/Região,Pizzaria Bella Formosa (Rodízio)
Prime Gourmet,Selvagem,São Paulo/Região,Selvagem
Prime Gourmet,Vassoura Quebrada (Morumbi),São Paulo/Região,Vassoura Quebrada (Morumbi)
Prime Gourmet,Vassoura Quebrada (Perdizes),São Paulo/Região,Vassoura Quebrada (Perdizes)
Prime Gourmet,Vassoura Quebrada O Parque,São Paulo/Região,Vassoura Quebrada O Parque
Prime Gourmet,Vista Ibirapuera,São Paulo/Região,Vista Ibirapuera
Prime Gourmet,Winner Beach Hotel - São Sebastião (Hotel),São Paulo/Região,Winner Beach Hotel - São Sebastião (Hotel)
Prime Gourmet,Berlin Gastronomia (Café Da Manhã) - Campo Belo,São Paulo/Região,Berlin Gastronomia (Café Da Manhã) - Campo Belo
Prime Gourmet,Costelaria Berlin (Festival),São Paulo/Região,Costelaria Berlin (Festival)
Prime Gourmet,Doho Sushi,São Paulo/Região,Doho Sushi
Prime Gourmet,GUA.CO (Moema),São Paulo/Região,GUA.CO (Moema)
Prime Gourmet,GUA.CO (Vila Mariana),São Paulo/Região,GUA.CO (Vila Mariana)
Prime Gourmet,Nathan’s Famous Brasil (Shopping Pátio Higienópolis),São Paulo/Região,Nathan’s Famous Brasil (Shopping Pátio Higienópolis)
Prime Gourmet,Nathan’s Famous Brasil (Vila Madalena),São Paulo/Região,Nathan’s Famous Brasil (Vila Madalena)
Prime Gourmet,Travessa Do Bruxo,São Paulo/Região,Travessa Do Bruxo
Prime Gourmet,O Burguer,São Paulo/Região,O Burguer
Prime Gourmet,Projeto Burguer (Vila Maria),São Paulo/Região,Projeto Burguer (Vila Maria)
Prime Gourmet,Projeto Burguer (Vila Romana),São Paulo/Região,Projeto Burguer (Vila Romana)
Prime Gourmet,Projeto Steakhouse,São Paulo/Região,Projeto Steakhouse
Prime Gourmet,Quiero Café (Brunch/Café Da Manhã),São Paulo/Região,Quiero Café (Brunch/Café Da Manhã)
Prime Gourmet,Quiero Café (Prato),São Paulo/Região,Quiero Café (Prato)
Prime Gourmet,FlyPiz Pizzaria (Rodízio),São Paulo/Região,FlyPiz Pizzaria (Rodízio)
Prime Gourmet,Pé De Manga,São Paulo/Região,Pé De Manga
Prime Gourmet,Alibabar (Buffet),São Paulo/Região,Alibabar (Buffet)
Prime Gourmet,Alibabar (Rodízio),São Paulo/Região,Alibabar (Rodízio)
Prime Gourmet,Bar Brahma,São Paulo/Região,Bar Brahma
Prime Gourmet,Borger Burger (Mackenzie),São Paulo/Região,Borger Burger (Mackenzie)
Prime Gourmet,Borger Burger (Paraíso),São Paulo/Região,Borger Burger (Paraíso)
Prime Gourmet,Borger Burger (Perdizes),São Paulo/Região,Borger Burger (Perdizes)
Prime Gourmet,Borger Burger (Pinheiros),São Paulo/Região,Borger Burger (Pinheiros)
Prime Gourmet,Los 3 Amigos (Rodízio),São Paulo/Região,Los 3 Amigos (Rodízio)
Prime Gourmet,Cristal CasaMia,São Paulo/Região,Cristal CasaMia
Prime Gourmet,Kebab Paris (Perdizes),São Paulo/Região,Kebab Paris (Perdizes)
Prime Gourmet,Kebab Paris (Vila Leopoldina),São Paulo/Região,Kebab Paris (Vila Leopoldina)
Prime Gourmet,Famiglia Lucco,São Paulo/Região,Famiglia Lucco
Prime Gourmet,Mii Rooftop,São Paulo/Região,Mii Rooftop
Prime Gourmet,Number One Buger,São Paulo/Região,Number One Buger
Prime Gourmet,Othê Gastrobar,São Paulo/Região,Othê Gastrobar
Prime Gourmet,Villa Lucco,São Paulo/Região,Villa Lucco
Prime Gourmet,Butcher’s Grill & Bar,São Paulo/Região,Butcher’s Grill & Bar
Prime Gourmet,Coa Bar Y Parrilla,São Paulo/Região,Coa Bar Y Parrilla
Prime Gourmet,Balcón,São Paulo/Região,Balcón
Prime Gourmet,A Galeteria Assados (Moema),São Paulo/Região,A Galeteria Assados (Moema)
Prime Gourmet,Bar Mooca,São Paulo/Região,Bar Mooca
Prime Gourmet,Fan Hour Games and Burgers,São Paulo/Região,Fan Hour Games and Burgers
Prime Gourmet,Hippo’s Burger,São Paulo/Região,Hippo’s Burger
Prime Gourmet,Hippo’s Pizza (Pegue & Leve),São Paulo/Região,Hippo’s Pizza (Pegue & Leve)
Prime Gourmet,Mamma Pizzeria,São Paulo/Região,Mamma Pizzeria
Prime Gourmet,Notizia Pizzaria,São Paulo/Região,Notizia Pizzaria
Prime Gourmet,Snack Burgueria,São Paulo/Região,Snack Burgueria
Prime Gourmet,Yuu Yuu Sorveteria,São Paulo/Região,Yuu Yuu Sorveteria
Prime Gourmet,Pasta Nostra,São Paulo/Região,Pasta Nostra
Prime Gourmet,Carnes Panamby,São Paulo/Região,Carnes Panamby
Prime Gourmet,Chen’s Culinária Oriental,São Paulo/Região,Chen’s Culinária Oriental
Prime Gourmet,Chest Of Wonders Maid Café,São Paulo/Região,Chest Of Wonders Maid Café
Prime Gourmet,Hachi Crepe E Taiyaki,São Paulo/Região,Hachi Crepe E Taiyaki
Prime Gourmet,Mena Gastrobar,São Paulo/Região,Mena Gastrobar
Prime Gourmet,URU Mar y Parrilla,São Paulo/Região,URU Mar y Parrilla
Prime Gourmet,Dona Carmela,São Paulo/Região,Dona Carmela
Prime Gourmet,Espetto Carioca (3 Espetinhos),São Paulo/Região,Espetto Carioca (3 Espetinhos)
Prime Gourmet,Espetto Carioca (Prato),São Paulo/Região,Espetto Carioca (Prato)
Prime Gourmet,Graça di Napolli (Guarulhos),São Paulo/Região,Graça di Napolli (Guarulhos)
Prime Gourmet,Graça di Napolli (Santana),São Paulo/Região,Graça di Napolli (Santana)
Prime Gourmet,Taquería La Sabrosa,São Paulo/Região,Taquería La Sabrosa
Prime Gourmet,Vecchio Cappelletti,São Paulo/Região,Vecchio Cappelletti
Prime Gourmet,Altar Cozinha Afro Pop Ancestral,São Paulo/Região,Altar Cozinha Afro Pop Ancestral
Prime Gourmet,Barletta Ristorante,São Paulo/Região,Barletta Ristorante
Prime Gourmet,Sacra Rolha Wine Bar,São Paulo/Região,Sacra Rolha Wine Bar
Prime Gourmet,Vino! Higienópolis,São Paulo/Região,Vino! Higienópolis
Prime Gourmet,Vino! Vila Leopoldina,São Paulo/Região,Vino! Vila Leopoldina
Prime Gourmet,Aguzzo Cucina Italiana (Jardins),São Paulo/Região,Aguzzo Cucina Italiana (Jardins)
Prime Gourmet,Aguzzo Cucina Italiana (Moema),São Paulo/Região,Aguzzo Cucina Italiana (Moema)
Prime Gourmet,Aguzzo Cucina Italiana (Pinheiros),São Paulo/Região,Aguzzo Cucina Italiana (Pinheiros)
Prime Gourmet,Poti,São Paulo/Região,Poti
Prime Gourmet,Rinconcito Peruano (Galeria Metrópole),São Paulo/Região,Rinconcito Peruano (Galeria Metrópole)
Prime Gourmet,Rinconcito Peruano (Moema),São Paulo/Região,Rinconcito Peruano (Moema)
Prime Gourmet,Rinconcito Peruano (Santana),São Paulo/Região,Rinconcito Peruano (Santana)
Prime Gourmet,Suri Ceviche Bar,São Paulo/Região,Suri Ceviche Bar
Prime Gourmet,Suri Ceviche Bar (Delivery),São Paulo/Região,Suri Ceviche Bar (Delivery)
Prime Gourmet,DZE7 Burguer (Rodízio),São Paulo/Região,DZE7 Burguer (Rodízio)
Prime Gourmet,Cris Parrilla Bar,São Paulo/Região,Cris Parrilla Bar
Prime Gourmet,Cris Parrilla Bar (Buffet),São Paulo/Região,Cris Parrilla Bar (Buffet)
Prime Gourmet,Boteco 647 (BBQ),São Paulo/Região,Boteco 647 (BBQ)
Prime Gourmet,Boteco 647 (Lanche),São Paulo/Região,Boteco 647 (Lanche)
Prime Gourmet,Box Burger Bar,São Paulo/Região,Box Burger Bar
Prime Gourmet,Cozy Café (Brunch),São Paulo/Região,Cozy Café (Brunch)
Prime Gourmet,Cozy Café (Prato),São Paulo/Região,Cozy Café (Prato)
Prime Gourmet,Divina Pizza (Delivery),São Paulo/Região,Divina Pizza (Delivery)
Prime Gourmet,Divino Chopp,São Paulo/Região,Divino Chopp
Prime Gourmet,Machado Mooca,São Paulo/Região,Machado Mooca
Prime Gourmet,The Bull Pub,São Paulo/Região,The Bull Pub
Prime Gourmet,Street BBQ Espeto,São Paulo/Região,Street BBQ Espeto
Prime Gourmet,Esconderijo Juan Caloto,São Paulo/Região,Esconderijo Juan Caloto
Prime Gourmet,Johnny Rockets (Shop. Internacional Guarulhos),São Paulo/Região,Johnny Rockets (Shop. Internacional Guarulhos)
Prime Gourmet,La Parrilla Argentina,São Paulo/Região,La Parrilla Argentina
Prime Gourmet,The Pitchers Burger And Baseball,São Paulo/Região,The Pitchers Burger And Baseball
Prime Gourmet,Osaka,São Paulo/Região,Osaka
Prime Gourmet,Cuscuzlícia Sabor Do Nordeste,São Paulo/Região,Cuscuzlícia Sabor Do Nordeste
Prime Gourmet,Hot Rod Dog,São Paulo/Região,Hot Rod Dog
Prime Gourmet,El Carbón,São Paulo/Região,El Carbón
Prime Gourmet,Timo Cucina (Centrale),São Paulo/Região,Timo Cucina (Centrale)
Prime Gourmet,Timo Cucina (Vila Olímpia),São Paulo/Região,Timo Cucina (Vila Olímpia)
Prime Gourmet,Bar Do Nerso,São Paulo/Região,Bar Do Nerso
Prime Gourmet,Coliseum (Pinheiros),São Paulo/Região,Coliseum (Pinheiros)
Prime Gourmet,Misoya Brasil,São Paulo/Região,Misoya Brasil
Prime Gourmet,Temperani Cucina,São Paulo/Região,Temperani Cucina
Prime Gourmet,Fish-Wan,São Paulo/Região,Fish-Wan
Prime Gourmet,Merci Brasserie,São Paulo/Região,Merci Brasserie
Prime Gourmet,Tetsu Sushi,São Paulo/Região,Tetsu Sushi
Prime Gourmet,Fome De Sushi (Poke),São Paulo/Região,Fome De Sushi (Poke)
Prime Gourmet,Hansy By SodiLeda,São Paulo/Região,Hansy By SodiLeda
Prime Gourmet,Iron Burguer (Tatuapé),São Paulo/Região,Iron Burguer (Tatuapé)
Prime Gourmet,Izumi Sushi,São Paulo/Região,Izumi Sushi
Prime Gourmet,Al Wadih (Beirute),São Paulo/Região,Al Wadih (Beirute)
Prime Gourmet,Al Wadih (Rodízio Prato),São Paulo/Região,Al Wadih (Rodízio Prato)
Prime Gourmet,Tayti Gelateria & Café (Klabin Ipiranga),São Paulo/Região,Tayti Gelateria & Café (Klabin Ipiranga)
Prime Gourmet,Tayti Gelateria & Café (Moema),São Paulo/Região,Tayti Gelateria & Café (Moema)
Prime Gourmet,Pizza Yes (Delivery),São Paulo/Região,Pizza Yes (Delivery)
Prime Gourmet,Burger In,São Paulo/Região,Burger In
Prime Gourmet,Burger Makers,São Paulo/Região,Burger Makers
Prime Gourmet,Chão e Brasa Picanharia e Choperia (Rodízio),São Paulo/Região,Chão e Brasa Picanharia e Choperia (Rodízio)
Prime Gourmet,Famiglia Geraci,São Paulo/Região,Famiglia Geraci
Prime Gourmet,Fazenda Angolana,São Paulo/Região,Fazenda Angolana
Prime Gourmet,HB Hamburgueria & Cia,São Paulo/Região,HB Hamburgueria & Cia
Prime Gourmet,HB Hamburgueria & Cia (Delivery),São Paulo/Região,HB Hamburgueria & Cia (Delivery)
Prime Gourmet,HB Hamburgueria & Cia (Rodízio),São Paulo/Região,HB Hamburgueria & Cia (Rodízio)
Prime Gourmet,Jullia Pizzaria (Santana),São Paulo/Região,Jullia Pizzaria (Santana)
Prime Gourmet,Jullia Pizzaria (Village de France),São Paulo/Região,Jullia Pizzaria (Village de France)
Prime Gourmet,Madrecita Tex Mex (Rodízio),São Paulo/Região,Madrecita Tex Mex (Rodízio)
Prime Gourmet,Pizzaria Do Angelo,São Paulo/Região,Pizzaria Do Angelo
Prime Gourmet,Ripito,São Paulo/Região,Ripito
Prime Gourmet,Sorvetes Rochinha (Tatuapé),São Paulo/Região,Sorvetes Rochinha (Tatuapé)
Prime Gourmet,Supra Di Mauro Maia,São Paulo/Região,Supra Di Mauro Maia
Prime Gourmet,TEG Restaurante,São Paulo/Região,TEG Restaurante
Prime Gourmet,Good Stuff Burger,São Paulo/Região,Good Stuff Burger
Prime Gourmet,Tandoor,São Paulo/Região,Tandoor
Prime Gourmet,SOFT Ice Cream,São Paulo/Região,SOFT Ice Cream
Prime Gourmet,Inhocchi,São Paulo/Região,Inhocchi
Prime Gourmet,Bakebun (Bela Vista),São Paulo/Região,Bakebun (Bela Vista)
Prime Gourmet,Bakebun (Pinheiros),São Paulo/Região,Bakebun (Pinheiros)
Prime Gourmet,Bakebun (Vila Olímpia),São Paulo/Região,Bakebun (Vila Olímpia)
Prime Gourmet,Boteco Macaxeira,São Paulo/Região,Boteco Macaxeira
Prime Gourmet,Burgguers,São Paulo/Região,Burgguers
Prime Gourmet,Burgguers (Delivery),São Paulo/Região,Burgguers (Delivery)
Prime Gourmet,Pizzaria Vero Verde,São Paulo/Região,Pizzaria Vero Verde
Prime Gourmet,Villa México,São Paulo/Região,Villa México
Prime Gourmet,Applebee’s (Cidade Satélite - Atibaia),São Paulo/Região,Applebee’s (Cidade Satélite - Atibaia)
Prime Gourmet,Applebee’s (Jardim Alegre - Itupeva),São Paulo/Região,Applebee’s (Jardim Alegre - Itupeva)
Prime Gourmet,Applebee’s (Parque Campolim - Sorocaba),São Paulo/Região,Applebee’s (Parque Campolim - Sorocaba)
Prime Gourmet,Applebee’s (São Roque - Catarina Fashion Outlet),São Paulo/Região,Applebee’s (São Roque - Catarina Fashion Outlet)
Prime Gourmet,Costa Nova (Pinheiros),São Paulo/Região,Costa Nova (Pinheiros)
Prime Gourmet,Carlão Restaurante & Grill,São Paulo/Região,Carlão Restaurante & Grill
Prime Gourmet,Atol Bar,São Paulo/Região,Atol Bar
Prime Gourmet,Laje Burger,São Paulo/Região,Laje Burger
Prime Gourmet,Laje Burger (Delivery),São Paulo/Região,Laje Burger (Delivery)
Prime Gourmet,MT Burguer,São Paulo/Região,MT Burguer
Prime Gourmet,MT Burguer (Delivery),São Paulo/Região,MT Burguer (Delivery)
Prime Gourmet,Bar Posto 6,São Paulo/Região,Bar Posto 6
Prime Gourmet,Bar Salve Jorge (Vila Madalena),São Paulo/Região,Bar Salve Jorge (Vila Madalena)
Prime Gourmet,Ômadá Bar,São Paulo/Região,Ômadá Bar
Prime Gourmet,Benj Fries,São Paulo/Região,Benj Fries
Prime Gourmet,Formaggio Mineiro (Brooklin),São Paulo/Região,Formaggio Mineiro (Brooklin)
Prime Gourmet,Formaggio Mineiro (Campo Belo),São Paulo/Região,Formaggio Mineiro (Campo Belo)
Prime Gourmet,Formaggio Mineiro (Jardins),São Paulo/Região,Formaggio Mineiro (Jardins)
Prime Gourmet,Formaggio Mineiro (Morumbi),São Paulo/Região,Formaggio Mineiro (Morumbi)
Prime Gourmet,Formaggio Mineiro (Paraíso),São Paulo/Região,Formaggio Mineiro (Paraíso)
Prime Gourmet,Formaggio Mineiro Morumbi (Delivery),São Paulo/Região,Formaggio Mineiro Morumbi (Delivery)
Prime Gourmet,Guigui Pizzas (Delivery),São Paulo/Região,Guigui Pizzas (Delivery)
Prime Gourmet,Guigui Pizzas (Salão),São Paulo/Região,Guigui Pizzas (Salão)
Prime Gourmet,Jullia Pizzaria Village de France (Delivery),São Paulo/Região,Jullia Pizzaria Village de France (Delivery)
Prime Gourmet,Kangu Burguer,São Paulo/Região,Kangu Burguer
Prime Gourmet,L' Arte Di Léo Pizzaria (Delivery),São Paulo/Região,L' Arte Di Léo Pizzaria (Delivery)
Prime Gourmet,Maikai Pinheiros (Combinado),São Paulo/Região,Maikai Pinheiros (Combinado)
Prime Gourmet,Maikai Pinheiros (Poke),São Paulo/Região,Maikai Pinheiros (Poke)
Prime Gourmet,Maikai Vila Leopoldina (Combinado),São Paulo/Região,Maikai Vila Leopoldina (Combinado)
Prime Gourmet,Maikai Vila Leopoldina (Poke),São Paulo/Região,Maikai Vila Leopoldina (Poke)
Prime Gourmet,Pizzaria Delluccio (Delivery),São Paulo/Região,Pizzaria Delluccio (Delivery)
Prime Gourmet,Pizzaria Delluccio (Rodízio),São Paulo/Região,Pizzaria Delluccio (Rodízio)
Prime Gourmet,Senhor Pudim (Brooklin),São Paulo/Região,Senhor Pudim (Brooklin)
Prime Gourmet,Senhor Pudim (Moema),São Paulo/Região,Senhor Pudim (Moema)
Prime Gourmet,Totti Gastronomia,São Paulo/Região,Totti Gastronomia
Prime Gourmet,Zaytún (Jardins),São Paulo/Região,Zaytún (Jardins)
Prime Gourmet,Zaytún (Vila Nova Conceição),São Paulo/Região,Zaytún (Vila Nova Conceição)
Prime Gourmet,Yalinha,São Paulo/Região,Yalinha
Prime Gourmet,Boldy Cookies (Pegue e Leve),São Paulo/Região,Boldy Cookies (Pegue e Leve)
Prime Gourmet,Boteco Boa Vista,São Paulo/Região,Boteco Boa Vista
Prime Gourmet,Carmel's Pipocas,São Paulo/Região,Carmel's Pipocas
Prime Gourmet,Assanhadxs Erotic Food,São Paulo/Região,Assanhadxs Erotic Food
Prime Gourmet,Binno Gelato (Itaim Bibi),São Paulo/Região,Binno Gelato (Itaim Bibi)
Prime Gourmet,Bro's Pizzas (Delivery),São Paulo/Região,Bro's Pizzas (Delivery)
Prime Gourmet,Bro's Pizzas (Salão),São Paulo/Região,Bro's Pizzas (Salão)
Prime Gourmet,Bufallo's Food,São Paulo/Região,Bufallo's Food
Prime Gourmet,Ganesha Asian Food,São Paulo/Região,Ganesha Asian Food
Prime Gourmet,Kolping Haus,São Paulo/Região,Kolping Haus
Prime Gourmet,Maktub,São Paulo/Região,Maktub
Prime Gourmet,Maktub (Pegue & Leve),São Paulo/Região,Maktub (Pegue & Leve)
Prime Gourmet,Shoshanna,São Paulo/Região,Shoshanna
Prime Gourmet,Taquería La Popular,São Paulo/Região,Taquería La Popular
Prime Gourmet,Ungaro's Burger,São Paulo/Região,Ungaro's Burger
Prime Gourmet,Varal 87 (Parrilla),São Paulo/Região,Varal 87 (Parrilla)
Prime Gourmet,Varal 87 (Risoto Ou Massa),São Paulo/Região,Varal 87 (Risoto Ou Massa)
Prime Gourmet,Manacá,São Paulo/Região,Manacá
Prime Gourmet,Bloom Fit&Coffee,São Paulo/Região,Bloom Fit&Coffee
Prime Gourmet,Casa Brendh (Pizza),São Paulo/Região,Casa Brendh (Pizza)
Prime Gourmet,Cimer Bistrô & Vin,São Paulo/Região,Cimer Bistrô & Vin
Prime Gourmet,Gianotto Pizzaria (R. José Lobo),São Paulo/Região,Gianotto Pizzaria (R. José Lobo)
Prime Gourmet,Ibis Budget São Caetano (Café Da Manhã),São Paulo/Região,Ibis Budget São Caetano (Café Da Manhã)
Prime Gourmet,Mount Zion Vegan,São Paulo/Região,Mount Zion Vegan
Prime Gourmet,Tappi - Cozinha e Vinho,São Paulo/Região,Tappi - Cozinha e Vinho
Prime Gourmet,VPC - Mexican Smoke House (Tatuapé),São Paulo/Região,VPC - Mexican Smoke House (Tatuapé)
Prime Gourmet,Boris Hambúrguer Artesanal,São Paulo/Região,Boris Hambúrguer Artesanal
Prime Gourmet,Boris Hambúrgueria Artesanal (Delivery),São Paulo/Região,Boris Hambúrgueria Artesanal (Delivery)
Prime Gourmet,Marrom Glacê (SCS),São Paulo/Região,Marrom Glacê (SCS)
Prime Gourmet,Vila Hermosa Bistrô,São Paulo/Região,Vila Hermosa Bistrô
Prime Gourmet,Bistrô Santa Tábua & Vinho,São Paulo/Região,Bistrô Santa Tábua & Vinho
Prime Gourmet,Brooklyn’s Burger & Dogs,São Paulo/Região,Brooklyn’s Burger & Dogs
Prime Gourmet,367 Park,São Paulo/Região,367 Park
Prime Gourmet,Hi Keki,São Paulo/Região,Hi Keki
Prime Gourmet,Bubbeleh,São Paulo/Região,Bubbeleh
Prime Gourmet,Ca Com Fé Padaria Artesanal,São Paulo/Região,Ca Com Fé Padaria Artesanal
Prime Gourmet,Cá Entre Nós Café,São Paulo/Região,Cá Entre Nós Café
Prime Gourmet,Cantina Brasiliani,São Paulo/Região,Cantina Brasiliani
Prime Gourmet,Família Açaí,São Paulo/Região,Família Açaí
Prime Gourmet,Pizzaria Piciocchi (Delivery),São Paulo/Região,Pizzaria Piciocchi (Delivery)
Prime Gourmet,Restaurante Banana Verde,São Paulo/Região,Restaurante Banana Verde
Prime Gourmet,Sítio Santa Cruz | Poços de Caldas,São Paulo/Região,Sítio Santa Cruz
Prime Gourmet,La Yunta (Moema),São Paulo/Região,La Yunta (Moema)
Prime Gourmet,Davvero (Golden Square),São Paulo/Região,Davvero (Golden Square)
Prime Gourmet,Davvero (Grand Plaza),São Paulo/Região,Davvero (Grand Plaza)
Prime Gourmet,Fumaça Burger,São Paulo/Região,Fumaça Burger
Prime Gourmet,Fumaça Burger (Delivery),São Paulo/Região,Fumaça Burger (Delivery)
Prime Gourmet,Caraíva Bar,São Paulo/Região,Caraíva Bar
Prime Gourmet,Duobelle Estética,São Paulo/Região,Duobelle Estética
Prime Gourmet,Estética Lash & Lips,São Paulo/Região,Estética Lash & Lips
Prime Gourmet,Qué Vino ?,São Paulo/Região,Qué Vino ?
Prime Gourmet,Yup Star (Rio de Janeiro),São Paulo/Região,Yup Star (Rio de Janeiro)
Prime Gourmet,Yup Star (Foz do Iguaçu),São Paulo/Região,Yup Star (Foz do Iguaçu)
Prime Gourmet,Meridial Seguros | Corretora e Consultoria de Saúde e Seguro,São Paulo/Região,Meridial Seguros
Prime Gourmet,Pizzaria Veneza,São Paulo/Região,Pizzaria Veneza
Prime Gourmet,Calçadão Do Peixe,São Paulo/Região,Calçadão Do Peixe
Prime Gourmet,Zoe Oesteria,São Paulo/Região,Zoe Oesteria
Prime Gourmet,Brown’in Box,São Paulo/Região,Brown’in Box
Prime Gourmet,Colchetes,São Paulo/Região,Colchetes
Prime Gourmet,Kremy Donuts,São Paulo/Região,Kremy Donuts
Prime Gourmet,Rib's (Delivery),São Paulo/Região,Rib's (Delivery)
Prime Gourmet,Xmind Escape Room,São Paulo/Região,Xmind Escape Room
Prime Gourmet,Up Frei Caneca,São Paulo/Região,Up Frei Caneca
Prime Gourmet,Boali (Shopping ABC),São Paulo/Região,Boali (Shopping ABC)
Prime Gourmet,Boali (Shopping Villa Lobos),São Paulo/Região,Boali (Shopping Villa Lobos)
Prime Gourmet,Living HNK  (Terminal 2 - Mezanino B),São Paulo/Região,Living HNK  (Terminal 2 - Mezanino B)
Prime Gourmet,Living HNK  (Terminal 2 - Mezanino D),São Paulo/Região,Living HNK  (Terminal 2 - Mezanino D)
Prime Gourmet,Living HNK (Terminal 1 - Área Desembarque),São Paulo/Região,Living HNK (Terminal 1 - Área Desembarque)
Prime Gourmet,Living HNK (Terminal 2 - Área Embarque Leste),São Paulo/Região,Living HNK (Terminal 2 - Área Embarque Leste)
Prime Gourmet,Living HNK (Terminal 3 - Área Check In),São Paulo/Região,Living HNK (Terminal 3 - Área Check In)
Prime Gourmet,Living HNK (Terminal 3 - Área Embarque),São Paulo/Região,Living HNK (Terminal 3 - Área Embarque)
Prime Gourmet,Living HNK Centralizada (Terminal 2 - Área Embarque),São Paulo/Região,Living HNK Centralizada (Terminal 2 - Área Embarque)
Prime Gourmet,The Coffee Shop Nescafé (Terminal 2 - Área Embarque Leste),São Paulo/Região,The Coffee Shop Nescafé (Terminal 2 - Área Embarque Leste)
Prime Gourmet,The Coffee Shop Nescafé (Terminal 2 - Área Embarque Oeste),São Paulo/Região,The Coffee Shop Nescafé (Terminal 2 - Área Embarque Oeste)
Prime Gourmet,The Coffee Shop Nescafé (Terminal 3),São Paulo/Região,The Coffee Shop Nescafé (Terminal 3)
Prime Gourmet,Famiglia Oliveri (Delivery),São Paulo/Região,Famiglia Oliveri (Delivery)
Prime Gourmet,Rokkon Gastronomia Japonesa (Terminal 3 - Check-in),São Paulo/Região,Rokkon Gastronomia Japonesa (Terminal 3 - Check-in)
Prime Gourmet,Fit Food (Terminal 3),São Paulo/Região,Fit Food (Terminal 3)
Prime Gourmet,Forneria Ouro Preto (Terminal 2 - Embarque Leste),São Paulo/Região,Forneria Ouro Preto (Terminal 2 - Embarque Leste)
Prime Gourmet,Aéra São José Floripa | São José,São Paulo/Região,Aéra São José Floripa
Prime Gourmet,Al Wadih (Delivery),São Paulo/Região,Al Wadih (Delivery)
Prime Gourmet,Arabiano,São Paulo/Região,Arabiano
Prime Gourmet,Ateliê Clara Azevedo (Vila Leopoldina),São Paulo/Região,Ateliê Clara Azevedo (Vila Leopoldina)
Prime Gourmet,Bad Skin Tattoo,São Paulo/Região,Bad Skin Tattoo
Prime Gourmet,Bar Beer & Belly,São Paulo/Região,Bar Beer & Belly
Prime Gourmet,Brava Mundo Hotel Boutique | Itajaí,São Paulo/Região,Brava Mundo Hotel Boutique
Prime Gourmet,Burger Mash,São Paulo/Região,Burger Mash
Prime Gourmet,Café e Tal (Combo),São Paulo/Região,Café e Tal (Combo)
Prime Gourmet,Café e Tal (Prato),São Paulo/Região,Café e Tal (Prato)
Prime Gourmet,Caminito Burger & Grill,São Paulo/Região,Caminito Burger & Grill
Prime Gourmet,Caminito Burger & Grill (Almoço Executivo),São Paulo/Região,Caminito Burger & Grill (Almoço Executivo)
Prime Gourmet,Capone Craft Beer Company,São Paulo/Região,Capone Craft Beer Company
Prime Gourmet,Casa Do Sírio,São Paulo/Região,Casa Do Sírio
Prime Gourmet,Casa Qualycon (Área Check-In - CGH),São Paulo/Região,Casa Qualycon (Área Check-In - CGH)
Prime Gourmet,Casa Qualycon (Área Desembarque - CGH),São Paulo/Região,Casa Qualycon (Área Desembarque - CGH)
Prime Gourmet,Castelos do Vale Resorts | Bento Gonçalves,São Paulo/Região,Castelos do Vale Resorts
Prime Gourmet,Celestino Gastrobar,São Paulo/Região,Celestino Gastrobar
Prime Gourmet,Cervejaria Dr. Ewan,São Paulo/Região,Cervejaria Dr. Ewan
Prime Gourmet,Coliseum (Pátio Higienópolis),São Paulo/Região,Coliseum (Pátio Higienópolis)
Prime Gourmet,Curry´s Culinária Indiana (Liberdade),São Paulo/Região,Curry´s Culinária Indiana (Liberdade)
Prime Gourmet,Curry´s Culinária Indiana (Pinheiros),São Paulo/Região,Curry´s Culinária Indiana (Pinheiros)
Prime Gourmet,Design & Cia Estética (Carrefour Vila Rio  - GRU),São Paulo/Região,Design & Cia Estética (Carrefour Vila Rio  - GRU)
Prime Gourmet,Design & Cia Estética (Santana Shopping),São Paulo/Região,Design & Cia Estética (Santana Shopping)
Prime Gourmet,Design & Cia Estética (Shopping Poli - GRU),São Paulo/Região,Design & Cia Estética (Shopping Poli - GRU)
Prime Gourmet,Divino Fogão (Osasco),São Paulo/Região,Divino Fogão (Osasco)
Prime Gourmet,Dona Lucilia,São Paulo/Região,Dona Lucilia
Prime Gourmet,Égua Maninho,São Paulo/Região,Égua Maninho
Prime Gourmet,Emilia Romagna,São Paulo/Região,Emilia Romagna
Prime Gourmet,Empório Chef Ale Caldas (Sanduíche),São Paulo/Região,Empório Chef Ale Caldas (Sanduíche)
Prime Gourmet,Estúdio Fotográfico Morumbi,São Paulo/Região,Estúdio Fotográfico Morumbi
Prime Gourmet,Famiglia Lucco (Delivery),São Paulo/Região,Famiglia Lucco (Delivery)
Prime Gourmet,Famiglia Oliveri (Salão),São Paulo/Região,Famiglia Oliveri (Salão)
Prime Gourmet,Fit Food (CGH),São Paulo/Região,Fit Food (CGH)
Prime Gourmet,Fit Food (Terminal 2 - Lado Leste),São Paulo/Região,Fit Food (Terminal 2 - Lado Leste)
Prime Gourmet,Fit Food (Terminal 2 - Lado Oeste),São Paulo/Região,Fit Food (Terminal 2 - Lado Oeste)
Prime Gourmet,Formaggio Mineiro Brooklin (Delivery),São Paulo/Região,Formaggio Mineiro Brooklin (Delivery)
Prime Gourmet,Formaggio Mineiro Jardins (Delivery),São Paulo/Região,Formaggio Mineiro Jardins (Delivery)
Prime Gourmet,Forneria Ouro Preto (Terminal 1 - CGH),São Paulo/Região,Forneria Ouro Preto (Terminal 1 - CGH)
Prime Gourmet,Forneria Ouro Preto (Terminal 2 - Embarque Oeste),São Paulo/Região,Forneria Ouro Preto (Terminal 2 - Embarque Oeste)
Prime Gourmet,Frutos de Goías Tatuapé,São Paulo/Região,Frutos de Goías Tatuapé
Prime Gourmet,Golden Tulip | Canela,São Paulo/Região,Golden Tulip
Prime Gourmet,Gran Paradiso Resort | Campos do Jordão,São Paulo/Região,Gran Paradiso Resort
Prime Gourmet,Hotel Delplaza - Excelsior | São Paulo,São Paulo/Região,Hotel Delplaza - Excelsior
Prime Gourmet,Hotel Delplaza - Marabá | São Paulo,São Paulo/Região,Hotel Delplaza - Marabá
Prime Gourmet,Hotel Delplaza - Timbiras | São Paulo,São Paulo/Região,Hotel Delplaza - Timbiras
Prime Gourmet,Jin Jin (SBC),São Paulo/Região,Jin Jin (SBC)
Prime Gourmet,Julliano Sousa Barbearia (Corte De Cabelo),São Paulo/Região,Julliano Sousa Barbearia (Corte De Cabelo)
Prime Gourmet,Juno Burger,São Paulo/Região,Juno Burger
Prime Gourmet,K-Platz Hotel | Florianópolis,São Paulo/Região,K-Platz Hotel
Prime Gourmet,Le Gatte,São Paulo/Região,Le Gatte
Prime Gourmet,LK - Hotel Design | Florianópolis,São Paulo/Região,LK - Hotel Design
Prime Gourmet,Luckies,São Paulo/Região,Luckies
Prime Gourmet,Madrasi Culinária Indiana,São Paulo/Região,Madrasi Culinária Indiana
Prime Gourmet,Makis Place,São Paulo/Região,Makis Place
Prime Gourmet,Mash Wash Mania,São Paulo/Região,Mash Wash Mania
Prime Gourmet,Milky Moo (SBC),São Paulo/Região,Milky Moo (SBC)
Prime Gourmet,Mooca Beer,São Paulo/Região,Mooca Beer
Prime Gourmet,Mount Zion Vegan (Delivery),São Paulo/Região,Mount Zion Vegan (Delivery)
Prime Gourmet,Nomad Lanches,São Paulo/Região,Nomad Lanches
Prime Gourmet,Nomad Lanches (Delivery),São Paulo/Região,Nomad Lanches (Delivery)
Prime Gourmet,Number One Burger (Delivery),São Paulo/Região,Number One Burger (Delivery)
Prime Gourmet,Pato Rei,São Paulo/Região,Pato Rei
Prime Gourmet,Phillys,São Paulo/Região,Phillys
Prime Gourmet,Pizzaria Do Angelo (Delivery),São Paulo/Região,Pizzaria Do Angelo (Delivery)
Prime Gourmet,Poehma Lago Negro | Gramado,São Paulo/Região,Poehma Lago Negro
Prime Gourmet,Quintal Paraense,São Paulo/Região,Quintal Paraense
Prime Gourmet,Rokkon Gastronomia Japonesa (Terminal 2 - Leste),São Paulo/Região,Rokkon Gastronomia Japonesa (Terminal 2 - Leste)
Prime Gourmet,Royal Meat Burger,São Paulo/Região,Royal Meat Burger
Prime Gourmet,Santé Vivre L'expérience | Búzios,São Paulo/Região,Santé Vivre L'expérience
Prime Gourmet,Soul Musa,São Paulo/Região,Soul Musa
Prime Gourmet,Studio Masetti (Estética Facial E Corporal),São Paulo/Região,Studio Masetti (Estética Facial E Corporal)
Prime Gourmet,Studio Masetti (Massagem / Terapia Capilar),São Paulo/Região,Studio Masetti (Massagem / Terapia Capilar)
Prime Gourmet,Teatro Bibi Ferreira (Ingresso),São Paulo/Região,Teatro Bibi Ferreira (Ingresso)
Prime Gourmet,Terra Brasa (Delivery),São Paulo/Região,Terra Brasa (Delivery)
Prime Gourmet,The Coffee Shop Nescafé (Terminal 1),São Paulo/Região,The Coffee Shop Nescafé (Terminal 1)
Prime Gourmet,The Monk Gin & Beer,São Paulo/Região,The Monk Gin & Beer
Prime Gourmet,Tina Pizzeria,São Paulo/Região,Tina Pizzeria
Prime Gourmet,Tina Pizzeria (Delivery),São Paulo/Região,Tina Pizzeria (Delivery)
Prime Gourmet,Torobull Steak,São Paulo/Região,Torobull Steak
Prime Gourmet,Villa do Vale Hotel Boutique | Blumenau,São Paulo/Região,Villa do Vale Hotel Boutique
Prime Gourmet,Villa Lucco (Delivery),São Paulo/Região,Villa Lucco (Delivery)
Prime Gourmet,Vivant Eco Beach | Barra Grande,São Paulo/Região,Vivant Eco Beach
Prime Gourmet,Wanderlust Experience Hotel | Campos do Jordão,São Paulo/Região,Wanderlust Experience Hotel
Prime Gourmet,AMBAAR Club | Fortaleza (Doméstico),São Paulo/Região,AMBAAR Club
Prime Gourmet,AMBAAR Club | Fortaleza (Doméstico),São Paulo/Região,AMBAAR Club
Prime Gourmet,AMBAAR Club | Fortaleza (Internacional),São Paulo/Região,AMBAAR Club
Prime Gourmet,AMBAAR Club | Fortaleza (Internacional),São Paulo/Região,AMBAAR Club
Prime Gourmet,AMBAAR Club | Porto Alegre (Doméstico),São Paulo/Região,AMBAAR Club
Prime Gourmet,AMBAAR Club | Porto Alegre (Doméstico),São Paulo/Região,AMBAAR Club
Prime Gourmet,AMBAAR Club | Porto Alegre (Internacional),São Paulo/Região,AMBAAR Club
Prime Gourmet,AMBAAR Club | Porto Alegre (Internacional),São Paulo/Região,AMBAAR Club
Prime Gourmet,AMBAAR Club | Salvador (Desembarque),São Paulo/Região,AMBAAR Club
Prime Gourmet,AMBAAR Club | Salvador (Desembarque),São Paulo/Região,AMBAAR Club
Prime Gourmet,AMBAAR Club | Salvador (Embarque),São Paulo/Região,AMBAAR Club
Prime Gourmet,AMBAAR Club | Salvador (Embarque),São Paulo/Região,AMBAAR Club
Prime Gourmet,AMBAAR Club | Viracopos,São Paulo/Região,AMBAAR Club
Prime Gourmet,AMBAAR Club | Viracopos,São Paulo/Região,AMBAAR Club
Prime Gourmet,AMBAAR Lounge | Confins (Doméstico 1),São Paulo/Região,AMBAAR Lounge
Prime Gourmet,AMBAAR Lounge | Confins (Doméstico 1),São Paulo/Região,AMBAAR Lounge
Prime Gourmet,AMBAAR Lounge | Confins (Doméstico 2),São Paulo/Região,AMBAAR Lounge
Prime Gourmet,AMBAAR Lounge | Confins (Doméstico 2),São Paulo/Região,AMBAAR Lounge
Prime Gourmet,AMBAAR Lounge | Confins (Internacional),São Paulo/Região,AMBAAR Lounge
Prime Gourmet,Casa Pame (Brunch),São Paulo/Região,Casa Pame (Brunch)
Prime Gourmet,Casa Pame (Prato),São Paulo/Região,Casa Pame (Prato)
Prime Gourmet,Greem Restaurante,São Paulo/Região,Greem Restaurante
Prime Gourmet,Novotel São Paulo Morumbi (Café Da Manhã),São Paulo/Região,Novotel São Paulo Morumbi (Café Da Manhã)
Prime Gourmet,Empresa,São Paulo/Região,Empresa
Prime Gourmet,Categorias,São Paulo/Região,Categorias
Prime Gourmet,Contato,São Paulo/Região,Contato
Clube Folha Gourmet,Aguzzo,Indianópolis,Italiana
Clube Folha Gourmet,Axado Drinks,Pinheiros,Portuguesa/Drinks
Clube Folha Gourmet,Barak Culinária Árabe,Moema,Árabe
Clube Folha Gourmet,La Braciera Pizza,Higienópolis,Pizzaria
Clube Folha Gourmet,Casa Capim Santo,Pinheiros,Brasileira
Clube Folha Gourmet,Criminal Burger,Vila Leopoldina,Hamburgueria
Clube Folha Gourmet,Era Uma Vez Um Chalezinho,Vila Andrade,Fondue
Clube Folha Gourmet,A Fantástica Torta da Maria,Vila Leopoldina,Doces/Tortas
Clube Folha Gourmet,Forneria San Paolo,Vila Olímpia,Italiana
Clube Folha Gourmet,Fuentes,Cerqueira César,Espanhola
Clube Folha Gourmet,Handz by Rodrigo Einsfeld,Casa Verde,Italiana
Clube Folha Gourmet,Kiaora Bar & Grill,Itaim Bibi,Bar/Australiana
Clube Folha Gourmet,Kiichi,Vila Mariana,Japonesa
Clube Folha Gourmet,Lolla Meets Fire,Itaim Bibi,Parrilla
Clube Folha Gourmet,Lujul Cozinha Consciente,Vila Madalena,Vegetariana/Vegana
Clube Folha Gourmet,Meime Pizzaria,Água Fria,Pizzaria
Clube Folha Gourmet,Micheluccio,Aclimação,Pizzaria
Clube Folha Gourmet,Mici Restaurante,Perdizes,Contemporânea
Clube Folha Gourmet,La Pasta Gialla,Vila Mascote,Italiana
Clube Folha Gourmet,Pecorino Mediterrâneo,Vila Clementino,Mediterrânea
Clube Folha Gourmet,Rota do Acarajé,Vila Buarque,Brasileira/Baiana
Clube Folha Gourmet,Sargento Garcia,Jardim França,Mediterrânea
Clube Folha Gourmet,Tantra Mongolian Grill,Vila Olímpia,Asiática
Clube Folha Gourmet,The Bowl,Itaim Bibi,Asiática/Poke
Clube Folha Gourmet,Aizomê,Paraíso,Japonesa
Clube Folha Gourmet,Mocotó,Vila Medeiros,Brasileira/Sertaneja
Clube Folha Gourmet,Moela,Santa Cecília,Bar/Petiscos
Clube Folha Gourmet,Paul's,Pinheiros,Pizzaria
Clube Folha Gourmet,Portofino,Ilhabela/SP,Italiana
Clube Folha Gourmet,Mef's Café & Brunch,Pinheiros,Brunch
Clube Folha Gourmet,Cakess,Higienópolis,Cafeteria
Clube Folha Gourmet,Canopy by Hilton,Jardim Paulista,Hotel/Brunch
Clube Folha Gourmet,Délices d'Paris,Vila Leopoldina,Cafeteria
Clube Folha Gourmet,The Westin,Itaim Bibi,Hotel/Brunch
Vale Bônus / ChefsClub,Outback Steakhouse,Diversas Unidades,Steakhouse
Vale Bônus / ChefsClub,Pizza Hut,Diversas Unidades,Pizzaria
Vale Bônus / ChefsClub,Pecorino,Diversas Unidades,Italiana
Vale Bônus / ChefsClub,Rubaiyat,Diversas Unidades,Carnes
Vale Bônus / ChefsClub,Coco Bambu,Diversas Unidades,Frutos do Mar
Vale Bônus / ChefsClub,Madero,Diversas Unidades,Hamburgueria
Vale Bônus / ChefsClub,Kopenhagen,Diversas Unidades,Chocolates
Vale Bônus / ChefsClub,Gendai,Diversas Unidades,Japonesa
Vale Bônus / ChefsClub,China in Box,Diversas Unidades,Chinesa
Vale Bônus / ChefsClub,Mistral,Diversas Unidades,Vinhos
Vale Bônus / ChefsClub,T.T. Burger,Pinheiros/Diversos,Hamburgueria
Vale Bônus / ChefsClub,Nestor Pizzaria,Diversas Unidades,Pizzaria
Vale Bônus / ChefsClub,Fogo de Chão,Diversas Unidades,Churrascaria
Vale Bônus / ChefsClub,Si Señor,Diversas Unidades,Tex-Mex
Vale Bônus / ChefsClub,Applebee's,Diversas Unidades,Americana
Vale Bônus / ChefsClub,Bacio di Latte,Diversas Unidades,Gelateria
Vale Bônus / ChefsClub,Camarada Camarão,Diversas Unidades,Frutos do Mar
Vale Bônus / ChefsClub,L'Entrecôte de Paris,Diversas Unidades,Francesa
Vale Bônus / ChefsClub,Paris 6,Diversas Unidades,Bistrô
Vale Bônus / ChefsClub,Bullguer,Diversas Unidades,Hamburgueria
